"[A]행정구역별(시군)","행정구역별(시군)","시점","취업자","- 성별(남자)","- 성별(여자)","- 연령별(15~29세)","- 연령별(30~49세)","- 연령별(50세 이상)",
"3101","수원시","2010. 4/4","412.6","236.8","175.7","87.1","230.6","94.9",
"3101","수원시","2011. 1/4","415.8","242.5","173.3","89.9","226.4","99.5",
"3101","수원시","2011. 2/4","438.4","254.7","183.7","94.4","242.3","101.7",
"3101","수원시","2011. 3/4","431.6","250.7","180.9","89.1","239.8","102.7",
"3101","수원시","2011. 4/4","432.5","244.1","188.4","80.4","240.6","111.5",
"3101","수원시","2012. 1/4","446.7","261.7","184.9","75.7","248.7","122.3",
"3101","수원시","2012. 2/4","447.9","267.5","180.5","73.1","245.3","129.5",
"3101","수원시","2012. 3/4","469.8","286.5","183.3","78","256.5","135.3",
"3101","수원시","2012. 4/4","454.1","273.9","180.2","74.6","250.2","129.3",
"3102","성남시","2010. 4/4","351.2","205.1","146.1","68.9","196.1","86.2",
"3102","성남시","2011. 1/4","382.3","226.1","156.2","73.5","211.6","97.3",
"3102","성남시","2011. 2/4","403.2","233.3","169.9","80.7","217.4","105.1",
"3102","성남시","2011. 3/4","401.7","231.6","170.1","77.7","217.4","106.5",
"3102","성남시","2011. 4/4","408.2","241.9","166.3","79.2","222.3","106.7",
"3102","성남시","2012. 1/4","411.4","243.6","167.7","83.3","225.8","102.3",
"3102","성남시","2012. 2/4","422.8","243.6","179.2","73.2","240","109.6",
"3102","성남시","2012. 3/4","425.1","243.3","181.8","76.8","241.7","106.6",
"3102","성남시","2012. 4/4","438.4","259.1","179.4","74.4","248.8","115.3",
"3103","의정부시","2010. 4/4","128.5","72.3","56.2","18.5","72.7","37.4",
"3103","의정부시","2011. 1/4","129.9","72.2","57.6","18.6","70.5","40.7",
"3103","의정부시","2011. 2/4","138","73.7","64.3","19.8","75.3","42.8",
"3103","의정부시","2011. 3/4","131.3","70.9","60.3","19.4","71.3","40.6",
"3103","의정부시","2011. 4/4","125.6","70.1","55.5","18.2","70.6","36.9",
"3103","의정부시","2012. 1/4","126.9","70.1","56.8","18.7","72.8","35.4",
"3103","의정부시","2012. 2/4","126","70.6","55.4","18.3","70.8","36.9",
"3103","의정부시","2012. 3/4","123.8","67.6","56.3","16.5","71.6","35.7",
"3103","의정부시","2012. 4/4","126.5","70","56.6","16.5","70.9","39.2",
"3104","안양시","2010. 4/4","218.1","130.9","87.2","36.7","125.9","55.5",
"3104","안양시","2011. 1/4","220.7","135.5","85.2","37.7","124.9","58.1",
"3104","안양시","2011. 2/4","221.9","131.5","90.4","37.7","126","58.1",
"3104","안양시","2011. 3/4","217","128.6","88.4","34.6","123.6","58.8",
"3104","안양시","2011. 4/4","214.9","124.3","90.7","32.7","122.8","59.3",
"3104","안양시","2012. 1/4","228.5","133.5","95","34.2","133.5","60.8",
"3104","안양시","2012. 2/4","231.5","138.7","92.8","34.4","131.6","65.5",
"3104","안양시","2012. 3/4","238.2","138","100.1","32.3","136.3","69.6",
"3104","안양시","2012. 4/4","239.2","140.5","98.8","31.9","135.6","71.8",
"3105","부천시","2010. 4/4","319.2","176.9","142.3","57.6","178.4","83.2",
"3105","부천시","2011. 1/4","314.8","173.6","141.2","53.9","176.1","84.7",
"3105","부천시","2011. 2/4","307.7","165.8","141.9","54.1","169.2","84.4",
"3105","부천시","2011. 3/4","305.2","167.8","137.4","55.3","167.7","82.2",
"3105","부천시","2011. 4/4","309.7","161.1","148.5","52.4","167.1","90.1",
"3105","부천시","2012. 1/4","326.3","181.4","145","50.1","178.9","97.3",
"3105","부천시","2012. 2/4","331.6","180.1","151.6","50.3","188.4","92.9",
"3105","부천시","2012. 3/4","329.4","176.9","152.4","47.5","178.5","103.4",
"3105","부천시","2012. 4/4","329.7","176.9","152.7","45.5","179.7","104.5",
"3106","광명시","2010. 4/4","93.6","54.2","39.4","10.5","53.3","29.8",
"3106","광명시","2011. 1/4","96.5","57","39.5","11.8","52.7","32.1",
"3106","광명시","2011. 2/4","97.6","56.8","40.8","12.3","50.4","34.9",
"3106","광명시","2011. 3/4","98.3","60.4","37.9","11.8","52.1","34.4",
"3106","광명시","2011. 4/4","97.9","58.8","39.1","11.8","51.7","34.4",
"3106","광명시","2012. 1/4","90.4","53.8","36.6","10.9","48.8","30.8",
"3106","광명시","2012. 2/4","90.9","55.4","35.5","10.4","49","31.4",
"3106","광명시","2012. 3/4","91","52.5","38.5","10.9","50.1","30.1",
"3106","광명시","2012. 4/4","91.4","51.6","39.8","11.1","50","30.3",
"3107","평택시","2010. 4/4","205.8","136.8","69","36.5","121.4","47.9",
"3107","평택시","2011. 1/4","208.9","137","72","35.1","124.9","49",
"3107","평택시","2011. 2/4","229.9","146.7","83.3","38.2","130.2","61.6",
"3107","평택시","2011. 3/4","219.5","142.8","76.7","34.3","128.7","56.6",
"3107","평택시","2011. 4/4","210.1","138.1","71.9","31.4","130.7","48",
"3107","평택시","2012. 1/4","219.2","143","76.2","32.3","126.2","60.7",
"3107","평택시","2012. 2/4","226.3","146.4","79.9","33.1","128.2","65",
"3107","평택시","2012. 3/4","236","150.8","85.2","36.8","131.5","67.7",
"3107","평택시","2012. 4/4","224.1","144.6","79.5","34.4","131.1","58.6",
"3108","동두천시","2010. 4/4","31.8","18.5","13.3","4.2","16.4","11.1",
"3108","동두천시","2011. 1/4","33.7","19.5","14.2","4.1","17.6","12.1",
"3108","동두천시","2011. 2/4","34.9","20.7","14.2","5","17.5","12.5",
"3108","동두천시","2011. 3/4","36","21.1","14.8","3.8","18.8","13.4",
"3108","동두천시","2011. 4/4","32.5","19.7","12.8","4.2","16.5","11.8",
"3108","동두천시","2012. 1/4","32.6","20.1","12.5","3.6","16.2","12.8",
"3108","동두천시","2012. 2/4","33.9","21.4","12.4","3.9","16.2","13.8",
"3108","동두천시","2012. 3/4","34.4","21.7","12.7","4.6","16.4","13.4",
"3108","동두천시","2012. 4/4","31.1","19.2","11.9","5","15.5","10.6",
"3109","안산시","2010. 4/4","343.1","216.3","126.8","56.4","202.1","84.6",
"3109","안산시","2011. 1/4","346.4","216.2","130.3","56.6","204","85.8",
"3109","안산시","2011. 2/4","344.3","207","137.3","55.1","200.9","88.3",
"3109","안산시","2011. 3/4","337.3","207.6","129.7","50.1","201.9","85.3",
"3109","안산시","2011. 4/4","342.4","213","129.3","50","207.3","85",
"3109","안산시","2012. 1/4","369.9","242.2","127.7","60.6","215","94.3",
"3109","안산시","2012. 2/4","378.2","249.8","128.4","58.9","222.7","96.5",
"3109","안산시","2012. 3/4","371.4","244.7","126.7","59.4","220.4","91.6",
"3109","안산시","2012. 4/4","374.1","241.2","132.9","57.5","222.1","94.5",
"3110","고양시","2010. 4/4","293.8","168.4","125.4","45","167.7","81",
"3110","고양시","2011. 1/4","300.7","161","139.7","46.3","167.1","87.3",
"3110","고양시","2011. 2/4","319.6","170.6","149","47.1","182.8","89.7",
"3110","고양시","2011. 3/4","323.5","168.7","154.8","52.3","178.4","92.7",
"3110","고양시","2011. 4/4","319.5","172.6","146.8","49.3","178","92.2",
"3110","고양시","2012. 1/4","319.1","171.2","147.9","51.7","178.8","88.5",
"3110","고양시","2012. 2/4","324","176.5","147.5","48.3","183.7","92",
"3110","고양시","2012. 3/4","327.6","172.9","154.7","50.3","180.1","97.1",
"3110","고양시","2012. 4/4","331.2","182.8","148.4","51.7","180","99.5",
"3111","과천시","2010. 4/4","40.3","24.5","15.8","4.5","25.9","9.9",
"3111","과천시","2011. 1/4","35.7","20.6","15","5.3","22.8","7.5",
"3111","과천시","2011. 2/4","41","22.2","18.9","6.4","25.6","9",
"3111","과천시","2011. 3/4","42.4","24.7","17.7","5.7","27.4","9.3",
"3111","과천시","2011. 4/4","36.1","20.3","15.9","4.4","23.6","8.1",
"3111","과천시","2012. 1/4","41.9","23.2","18.7","6.5","24.3","11.1",
"3111","과천시","2012. 2/4","43.6","23.7","19.9","7.5","25.6","10.5",
"3111","과천시","2012. 3/4","43.3","24.3","19","6.8","25.6","10.9",
"3111","과천시","2012. 4/4","36.4","21.1","15.3","6.1","20.9","9.3",
"3112","구리시","2010. 4/4","66.2","35.5","30.7","12.2","37.6","16.4",
"3112","구리시","2011. 1/4","69.9","37.9","32","10.8","38.4","20.7",
"3112","구리시","2011. 2/4","66.7","37.8","28.9","9.8","37.9","19",
"3112","구리시","2011. 3/4","66.4","37.4","29","8.2","38.1","20.1",
"3112","구리시","2011. 4/4","66.9","37.9","29","7.8","36.5","22.7",
"3112","구리시","2012. 1/4","72","42.9","29.1","9.9","43.3","18.8",
"3112","구리시","2012. 2/4","71.7","41.7","30","10.6","40.1","20.9",
"3112","구리시","2012. 3/4","69.2","41.5","27.7","8.7","41.1","19.4",
"3112","구리시","2012. 4/4","70.3","39.9","30.4","10","39.6","20.7",
"3113","남양주시","2010. 4/4","144.6","87.9","56.7","15","87.7","42",
"3113","남양주시","2011. 1/4","149.3","93.3","56.1","14.7","86.7","48",
"3113","남양주시","2011. 2/4","168.3","100.6","67.7","17.6","94.5","56.2",
"3113","남양주시","2011. 3/4","161.8","97.6","64.2","15.5","90.6","55.7",
"3113","남양주시","2011. 4/4","168.5","101.4","67.2","16.3","93.5","58.7",
"3113","남양주시","2012. 1/4","172.9","105.8","67.1","19.3","95.8","57.8",
"3113","남양주시","2012. 2/4","178.3","107.7","70.6","17.9","96.7","63.7",
"3113","남양주시","2012. 3/4","176.1","104.4","71.8","16.7","93.9","65.5",
"3113","남양주시","2012. 4/4","176.9","104.7","72.2","16","98.2","62.7",
"3114","오산시","2010. 4/4","55.6","33.8","21.9","8.6","32.4","14.6",
"3114","오산시","2011. 1/4","62.3","35.9","26.3","12","33.2","17",
"3114","오산시","2011. 2/4","57.6","34.9","22.7","10.1","34","13.5",
"3114","오산시","2011. 3/4","53.4","30.9","22.5","7.2","32","14.2",
"3114","오산시","2011. 4/4","55.1","30.5","24.6","6.2","34.1","14.8",
"3114","오산시","2012. 1/4","67.4","39.8","27.6","8.9","36.5","22.1",
"3114","오산시","2012. 2/4","68.5","39.5","29","9.4","35.8","23.4",
"3114","오산시","2012. 3/4","64.5","35.4","29.1","9.9","33.3","21.3",
"3114","오산시","2012. 4/4","68.2","38.2","30","10.7","39","18.4",
"3115","시흥시","2010. 4/4","203.9","138.3","65.7","29.4","128.8","45.7",
"3115","시흥시","2011. 1/4","214.9","144.3","70.6","28.9","132.6","53.4",
"3115","시흥시","2011. 2/4","224","154.9","69","31.3","135.7","57",
"3115","시흥시","2011. 3/4","210.8","148","62.8","27.8","128.2","54.8",
"3115","시흥시","2011. 4/4","210.6","146.3","64.3","27.6","128","55",
"3115","시흥시","2012. 1/4","200.1","131.6","68.5","28","117.5","54.5",
"3115","시흥시","2012. 2/4","207.2","135.9","71.2","25.4","125.4","56.4",
"3115","시흥시","2012. 3/4","215.3","144.3","71","25.4","129.1","60.8",
"3115","시흥시","2012. 4/4","213.2","144.2","69","22.9","127.2","63.1",
"3116","군포시","2010. 4/4","88.5","50.9","37.6","10.3","55.2","23",
"3116","군포시","2011. 1/4","91","52.5","38.6","12.1","56.1","22.8",
"3116","군포시","2011. 2/4","89.5","51.7","37.8","10.9","54.4","24.2",
"3116","군포시","2011. 3/4","90.8","52.4","38.4","11.8","53.4","25.6",
"3116","군포시","2011. 4/4","94.2","56.1","38.1","12","56.1","26.1",
"3116","군포시","2012. 1/4","91.2","56.9","34.3","14.3","53","24",
"3116","군포시","2012. 2/4","96","55.6","40.3","16.2","52.3","27.5",
"3116","군포시","2012. 3/4","99.1","58.3","40.8","16.5","53.5","29.2",
"3116","군포시","2012. 4/4","95.3","57.5","37.8","17.2","50.7","27.4",
"3117","의왕시","2010. 4/4","49.5","31.6","17.8","6.6","28.8","14",
"3117","의왕시","2011. 1/4","48.8","29","19.8","5.8","26.5","16.4",
"3117","의왕시","2011. 2/4","47.8","29.4","18.4","5.3","26.3","16.3",
"3117","의왕시","2011. 3/4","45","27.8","17.2","5.4","23.9","15.7",
"3117","의왕시","2011. 4/4","45","26.5","18.5","7","24.3","13.7",
"3117","의왕시","2012. 1/4","44.5","28.6","15.9","6.7","23.9","13.9",
"3117","의왕시","2012. 2/4","47.2","29.1","18.1","6.5","25.4","15.3",
"3117","의왕시","2012. 3/4","45.2","31","14.3","7","23.1","15.1",
"3117","의왕시","2012. 4/4","42.6","29.1","13.5","5.5","23.5","13.6",
"3118","하남시","2010. 4/4","64.4","43.9","20.5","6.5","39.2","18.7",
"3118","하남시","2011. 1/4","64.1","42","22.2","7.4","36","20.7",
"3118","하남시","2011. 2/4","76","49.8","26.2","9.9","40.6","25.5",
"3118","하남시","2011. 3/4","70.3","47","23.3","7.6","39.8","23",
"3118","하남시","2011. 4/4","74.8","51.6","23.2","7.2","43.7","23.9",
"3118","하남시","2012. 1/4","66.2","42.1","24.1","6.9","39.3","20",
"3118","하남시","2012. 2/4","68.4","43.4","25","6.6","39.6","22.1",
"3118","하남시","2012. 3/4","69.1","43.4","25.7","5.9","39.3","23.8",
"3118","하남시","2012. 4/4","65.4","42.3","23.1","4.9","38.8","21.7",
"3119","용인시","2010. 4/4","290.8","176.2","114.6","50.8","170.7","69.4",
"3119","용인시","2011. 1/4","303.9","185.7","118.1","45.9","178.4","79.6",
"3119","용인시","2011. 2/4","299.5","176.8","122.7","46","170.2","83.2",
"3119","용인시","2011. 3/4","298.7","174","124.8","50.9","168.1","79.7",
"3119","용인시","2011. 4/4","319.5","191.8","127.6","51.6","180.4","87.5",
"3119","용인시","2012. 1/4","304.4","188.4","116","52.6","172","79.7",
"3119","용인시","2012. 2/4","327.3","201.4","126","62.5","174.2","90.6",
"3119","용인시","2012. 3/4","321.1","194.5","126.5","54.8","174.3","92",
"3119","용인시","2012. 4/4","311.4","185.8","125.5","54.7","174.3","82.4",
"3120","파주시","2010. 4/4","166.8","110","56.8","26.6","91.7","48.5",
"3120","파주시","2011. 1/4","177.4","116.2","61.3","30.1","97.9","49.5",
"3120","파주시","2011. 2/4","180.7","116","64.8","30.2","97.7","52.8",
"3120","파주시","2011. 3/4","183.4","119.8","63.6","32.6","97.3","53.6",
"3120","파주시","2011. 4/4","181.1","118.7","62.4","29.9","101.6","49.5",
"3120","파주시","2012. 1/4","174.8","118.3","56.5","22.4","99.4","53",
"3120","파주시","2012. 2/4","181.8","120.9","60.9","24.8","97.8","59.3",
"3120","파주시","2012. 3/4","182","119.5","62.4","25.2","97.2","59.6",
"3120","파주시","2012. 4/4","177.4","116.5","60.9","24.5","94.9","58",
"3121","이천시","2010. 4/4","108.2","69.3","39","22","61.7","24.5",
"3121","이천시","2011. 1/4","109.7","69.9","39.7","21.8","60.9","27",
"3121","이천시","2011. 2/4","116.4","72.4","44.1","23.3","61.2","31.9",
"3121","이천시","2011. 3/4","112.5","70.4","42.1","22.1","59.7","30.7",
"3121","이천시","2011. 4/4","113","69.6","43.4","24.3","60.7","28",
"3121","이천시","2012. 1/4","114.3","70","44.3","20.5","60.1","33.6",
"3121","이천시","2012. 2/4","118.6","72.5","46.1","21.7","61","35.8",
"3121","이천시","2012. 3/4","114","68.3","45.7","21.2","58.6","34.2",
"3121","이천시","2012. 4/4","105.1","63.8","41.3","21","55.5","28.6",
"3122","안성시","2010. 4/4","90.7","59","31.7","16.6","49.8","24.4",
"3122","안성시","2011. 1/4","96.7","62.6","34.1","14.6","50.5","31.5",
"3122","안성시","2011. 2/4","100.8","62.7","38","14.4","51.7","34.7",
"3122","안성시","2011. 3/4","101.5","65.7","35.8","14.1","52.2","35.1",
"3122","안성시","2011. 4/4","92.9","60.3","32.5","15.2","50.6","27.1",
"3122","안성시","2012. 1/4","101.6","66.5","35.1","15.2","53.7","32.6",
"3122","안성시","2012. 2/4","107.3","65","42.3","14.7","54.3","38.3",
"3122","안성시","2012. 3/4","110.6","70.4","40.2","15","55.7","39.9",
"3122","안성시","2012. 4/4","94","60.5","33.5","13.1","52.1","28.8",
"3123","김포시","2010. 4/4","145.6","100.2","45.4","17.8","81.2","46.5",
"3123","김포시","2011. 1/4","154","104.5","49.5","20.3","82.5","51.1",
"3123","김포시","2011. 2/4","158.4","107.2","51.2","20.6","86.3","51.4",
"3123","김포시","2011. 3/4","151.9","103.7","48.2","17.3","86.8","47.7",
"3123","김포시","2011. 4/4","151.2","98.4","52.8","17","82","52.1",
"3123","김포시","2012. 1/4","145.1","98.4","46.7","17.3","76.9","50.9",
"3123","김포시","2012. 2/4","149.3","97","52.3","17.3","78.5","53.5",
"3123","김포시","2012. 3/4","149.5","97","52.5","16.3","79.4","53.7",
"3123","김포시","2012. 4/4","156.2","99.5","56.7","17.2","83.6","55.5",
"3124","화성시","2010. 4/4","311.2","221.9","89.2","46.9","197.8","66.5",
"3124","화성시","2011. 1/4","321.1","229.2","91.9","52","195.2","73.8",
"3124","화성시","2011. 2/4","332.7","234.7","98","47.6","199","86.1",
"3124","화성시","2011. 3/4","330.6","235.6","95","43.4","198.3","88.8",
"3124","화성시","2011. 4/4","319","232.6","86.4","48.1","203.2","67.7",
"3124","화성시","2012. 1/4","333.1","237.1","96","54.8","193","85.3",
"3124","화성시","2012. 2/4","334.5","237.1","97.3","45.8","201.7","87",
"3124","화성시","2012. 3/4","333.8","232.4","101.3","47","198.4","88.4",
"3124","화성시","2012. 4/4","331.8","239.4","92.3","49.4","199.9","82.5",
"3125","광주시","2010. 4/4","125.7","85","40.8","17.4","73.4","34.9",
"3125","광주시","2011. 1/4","129.8","87.4","42.4","18.9","75.5","35.4",
"3125","광주시","2011. 2/4","140","91.7","48.3","17.2","81.5","41.3",
"3125","광주시","2011. 3/4","138","88.5","49.6","18","80.2","39.8",
"3125","광주시","2011. 4/4","136.1","92.8","43.2","19.1","78.1","38.8",
"3125","광주시","2012. 1/4","127.4","86.2","41.2","14.8","72.4","40.3",
"3125","광주시","2012. 2/4","130.9","88.5","42.4","13.4","77.3","40.1",
"3125","광주시","2012. 3/4","131.9","87.7","44.2","14.1","76","41.8",
"3125","광주시","2012. 4/4","138.4","92.1","46.3","15","78.9","44.5",
"3126","양주시","2010. 4/4","91.4","59.2","32.3","10.5","51.3","29.7",
"3126","양주시","2011. 1/4","88.9","57.3","31.6","11.6","48.1","29.2",
"3126","양주시","2011. 2/4","94","58.2","35.7","11.6","48.4","33.9",
"3126","양주시","2011. 3/4","90.4","56.9","33.4","9.9","49.2","31.2",
"3126","양주시","2011. 4/4","86.4","56.3","30.1","9.5","50.2","26.6",
"3126","양주시","2012. 1/4","81.1","55.6","25.6","10.7","43.8","26.6",
"3126","양주시","2012. 2/4","85","56.5","28.5","9.2","44.2","31.5",
"3126","양주시","2012. 3/4","85.5","57.3","28.1","9.9","45.1","30.5",
"3126","양주시","2012. 4/4","81.1","54.6","26.5","10.8","45.6","24.8",
"3127","포천시","2010. 4/4","94.6","67.8","26.8","14.8","48.9","30.8",
"3127","포천시","2011. 1/4","99.4","69.3","30.1","14","52","33.5",
"3127","포천시","2011. 2/4","103.8","69","34.8","15.9","50.2","37.7",
"3127","포천시","2011. 3/4","98.5","67.2","31.3","14.5","49.8","34.2",
"3127","포천시","2011. 4/4","93.7","66","27.7","15.4","49.7","28.6",
"3127","포천시","2012. 1/4","100.4","70.9","29.4","12","52.9","35.4",
"3127","포천시","2012. 2/4","107","72.7","34.2","12.4","55.1","39.5",
"3127","포천시","2012. 3/4","108.6","75","33.6","12","55.7","40.9",
"3127","포천시","2012. 4/4","95.1","66.4","28.8","10.1","52.9","32.2",
"3132","여주군","2010. 4/4","45.9","28.6","17.3","6.4","25.2","14.3",
"3132","여주군","2011. 1/4","51.7","33","18.7","6","26","19.7",
"3132","여주군","2011. 2/4","55.8","34","21.8","7.5","25.7","22.5",
"3132","여주군","2011. 3/4","52","32.9","19.1","6.3","24.6","21.1",
"3132","여주군","2011. 4/4","45.1","29.5","15.6","6.4","24.1","14.6",
"3132","여주군","2012. 1/4","51.9","32.3","19.6","7.7","25.5","18.7",
"3132","여주군","2012. 2/4","54.7","33.1","21.6","7.1","26.7","21",
"3132","여주군","2012. 3/4","56.9","35.4","21.6","7.1","27.6","22.2",
"3132","여주군","2012. 4/4","50","30.7","19.3","7.4","26.3","16.3",
"3135","연천군","2010. 4/4","18.1","11.3","6.8","1.8","8.6","7.7",
"3135","연천군","2011. 1/4","20","12.3","7.7","1.5","8.6","9.8",
"3135","연천군","2011. 2/4","24.8","14","10.7","1.8","10","13.1",
"3135","연천군","2011. 3/4","24.4","14.3","10.1","1.9","10.1","12.4",
"3135","연천군","2011. 4/4","17.9","10.9","7","1.2","9.4","7.2",
"3135","연천군","2012. 1/4","21.3","13.5","7.8","1.7","9.9","9.6",
"3135","연천군","2012. 2/4","25.1","15.4","9.7","2.1","10.3","12.7",
"3135","연천군","2012. 3/4","25.3","15.7","9.6","2.1","10.8","12.4",
"3135","연천군","2012. 4/4","19.7","12.6","7.1","1.9","9.5","8.4",
"3137","가평군","2010. 4/4","30.1","18.1","12","3.2","13.9","13",
"3137","가평군","2011. 1/4","30.4","18.4","12","2.5","13.5","14.5",
"3137","가평군","2011. 2/4","32.8","19.4","13.4","3","14.5","15.3",
"3137","가평군","2011. 3/4","33.2","19.2","14","3.1","14.5","15.5",
"3137","가평군","2011. 4/4","33.5","19.9","13.6","2.9","15.1","15.5",
"3137","가평군","2012. 1/4","31.3","18.9","12.4","2.7","13.7","14.9",
"3137","가평군","2012. 2/4","34.8","20.8","14","2.8","14.7","17.2",
"3137","가평군","2012. 3/4","34.1","19.9","14.2","3.2","13.9","17",
"3137","가평군","2012. 4/4","30.9","19.2","11.7","3.1","12.8","15",
"3138","양평군","2010. 4/4","38.7","24","14.6","5.3","17.8","15.5",
"3138","양평군","2011. 1/4","41.6","23.9","17.7","4.8","18.2","18.6",
"3138","양평군","2011. 2/4","48.3","29.3","19","4.8","19.2","24.3",
"3138","양평군","2011. 3/4","46.2","27.4","18.8","5.5","19.7","21",
"3138","양평군","2011. 4/4","39.4","22.7","16.7","5.1","18.8","15.4",
"3138","양평군","2012. 1/4","37.8","22.8","15","4","17.1","16.7",
"3138","양평군","2012. 2/4","45.2","26.4","18.7","4.7","18","22.4",
"3138","양평군","2012. 3/4","45.2","25.9","19.4","3.7","18","23.6",
"3138","양평군","2012. 4/4","34.9","20.6","14.3","3.6","17.1","14.2",
"3201","춘천시","2010. 4/4","106.6","63.6","43","14.6","59.1","32.9",
"3201","춘천시","2011. 1/4","108.5","63.7","44.8","15.4","57","36.1",
"3201","춘천시","2011. 2/4","116.5","66.3","50.2","16.7","59.8","40",
"3201","춘천시","2011. 3/4","114.9","66.4","48.5","15.7","58.4","40.8",
"3201","춘천시","2011. 4/4","107.2","63.5","43.7","14.5","57.5","35.3",
"3201","춘천시","2012. 1/4","116.2","65.7","50.5","17.4","60.2","38.6",
"3201","춘천시","2012. 2/4","123.5","69","54.6","17.5","61.1","44.9",
"3201","춘천시","2012. 3/4","124.6","68.4","56.3","16.9","61.9","45.8",
"3201","춘천시","2012. 4/4","116.5","64.8","51.7","16","60.6","39.9",
"3202","원주시","2010. 4/4","117.7","67","50.7","17.1","67.4","33.2",
"3202","원주시","2011. 1/4","123.6","73.6","50","19.1","68.7","35.7",
"3202","원주시","2011. 2/4","130.9","76.1","54.8","18.5","70.9","41.4",
"3202","원주시","2011. 3/4","129.5","74.3","55.2","15.6","71.7","42.1",
"3202","원주시","2011. 4/4","127.2","74","53.2","18.6","69.7","39",
"3202","원주시","2012. 1/4","126.7","74.6","52.1","19.2","65.5","42",
"3202","원주시","2012. 2/4","134","78.2","55.7","17.3","70","46.7",
"3202","원주시","2012. 3/4","139.2","79.2","60","18.9","70.3","50",
"3202","원주시","2012. 4/4","127.5","74.5","52.9","18.2","67.2","42.1",
"3203","강릉시","2010. 4/4","89.3","52.7","36.7","12.5","46.5","30.4",
"3203","강릉시","2011. 1/4","92.7","53.9","38.7","12","46.3","34.4",
"3203","강릉시","2011. 2/4","98.5","55.8","42.6","13.3","47.4","37.8",
"3203","강릉시","2011. 3/4","96.5","56.9","39.6","11.8","47","37.7",
"3203","강릉시","2011. 4/4","89.6","52.9","36.7","11.5","46.4","31.6",
"3203","강릉시","2012. 1/4","92.6","54.3","38.3","12.8","45.6","34.2",
"3203","강릉시","2012. 2/4","105.2","61.6","43.7","13.3","50.2","41.7",
"3203","강릉시","2012. 3/4","99.8","57.3","42.5","13.2","47.7","38.9",
"3203","강릉시","2012. 4/4","95.6","57.2","38.4","13.4","48.3","33.9",
"3204","동해시","2010. 4/4","38.8","24","14.8","4.9","19.2","14.7",
"3204","동해시","2011. 1/4","35.7","21.4","14.3","3.6","17.4","14.6",
"3204","동해시","2011. 2/4","37.3","22","15.2","3.2","18.1","16",
"3204","동해시","2011. 3/4","36.1","21.6","14.5","3.4","17.3","15.4",
"3204","동해시","2011. 4/4","36.6","21.9","14.7","3.4","17.7","15.5",
"3204","동해시","2012. 1/4","35.4","21","14.5","3.2","17.8","14.4",
"3204","동해시","2012. 2/4","38.4","22.2","16.2","3.5","18.7","16.2",
"3204","동해시","2012. 3/4","38.6","22.8","15.9","3.5","18.3","16.8",
"3204","동해시","2012. 4/4","37.4","22.4","15.1","3.2","19.4","14.8",
"3205","태백시","2010. 4/4","20.2","12.2","8.1","2.1","10.6","7.6",
"3205","태백시","2011. 1/4","19","11.8","7.2","2.3","9.9","6.8",
"3205","태백시","2011. 2/4","22","13.2","8.8","2.5","11.2","8.3",
"3205","태백시","2011. 3/4","20.3","12.3","8","2.1","10.8","7.4",
"3205","태백시","2011. 4/4","19.7","11.7","7.9","2.1","10.1","7.4",
"3205","태백시","2012. 1/4","18.5","11","7.5","2.1","9.4","6.9",
"3205","태백시","2012. 2/4","20.6","11.9","8.7","2.1","9.9","8.6",
"3205","태백시","2012. 3/4","20.8","12.1","8.7","2.2","9.8","8.8",
"3205","태백시","2012. 4/4","19.7","11.6","8.2","2","9.8","7.9",
"3206","속초시","2010. 4/4","34","20.2","13.8","3.7","19.2","11.1",
"3206","속초시","2011. 1/4","33.2","18.8","14.4","3.8","18","11.4",
"3206","속초시","2011. 2/4","33.3","18.6","14.7","3.8","17.6","11.9",
"3206","속초시","2011. 3/4","32.5","17.9","14.7","3.9","17.2","11.4",
"3206","속초시","2011. 4/4","31.1","17.5","13.7","3.5","16.9","10.7",
"3206","속초시","2012. 1/4","32.8","18.4","14.3","4.4","16.6","11.8",
"3206","속초시","2012. 2/4","33.7","19","14.7","3.7","17.5","12.5",
"3206","속초시","2012. 3/4","34","18.9","15.1","4.2","17.3","12.5",
"3206","속초시","2012. 4/4","33.5","18.9","14.6","3.8","17.1","12.7",
"3207","삼척시","2010. 4/4","30.9","19.8","11.1","3.4","14.6","12.9",
"3207","삼척시","2011. 1/4","31","19.3","11.7","3.5","14.6","12.9",
"3207","삼척시","2011. 2/4","33.8","20.3","13.6","3.5","15","15.3",
"3207","삼척시","2011. 3/4","34.5","21.7","12.8","3.5","15.9","15.1",
"3207","삼척시","2011. 4/4","33.6","20.9","12.8","4.6","15.5","13.5",
"3207","삼척시","2012. 1/4","31.9","18.9","13","3.4","14.6","13.9",
"3207","삼척시","2012. 2/4","34.8","20.3","14.6","3.7","15.1","16",
"3207","삼척시","2012. 3/4","35.2","20.9","14.3","3.8","15.7","15.7",
"3207","삼척시","2012. 4/4","32","20.3","11.7","3.8","14.5","13.8",
"3231","홍천군","2010. 4/4","33.1","21.6","11.5","4","14.2","14.9",
"3231","홍천군","2011. 1/4","35.4","21.5","13.9","4.4","14.4","16.6",
"3231","홍천군","2011. 2/4","40.2","22.5","17.6","4.9","15.4","19.9",
"3231","홍천군","2011. 3/4","40","22.9","17","5.1","15","19.9",
"3231","홍천군","2011. 4/4","32.7","21","11.6","4.2","13","15.5",
"3231","홍천군","2012. 1/4","33.5","21.6","11.9","3.8","14.9","14.8",
"3231","홍천군","2012. 2/4","36.8","21.7","15.1","3.9","15.4","17.5",
"3231","홍천군","2012. 3/4","37.6","22.4","15.1","3.3","15.8","18.5",
"3231","홍천군","2012. 4/4","31.8","21.6","10.2","3.2","14.9","13.7",
"3232","횡성군","2010. 4/4","20.3","12.3","7.9","2.7","10.5","7.2",
"3232","횡성군","2011. 1/4","23.8","14.4","9.5","2.4","10.3","11.1",
"3232","횡성군","2011. 2/4","28.6","16.4","12.2","2.5","10.9","15.2",
"3232","횡성군","2011. 3/4","27","15.7","11.3","2.9","9.5","14.6",
"3232","횡성군","2011. 4/4","19.9","11.9","8","2.2","9.3","8.4",
"3232","횡성군","2012. 1/4","25.5","15.7","9.8","2.3","10.6","12.7",
"3232","횡성군","2012. 2/4","29.3","16.7","12.6","2.8","11.1","15.4",
"3232","횡성군","2012. 3/4","28.8","15.9","13","2.8","10.4","15.6",
"3232","횡성군","2012. 4/4","20.1","11.4","8.6","2.3","9","8.7",
"3233","영월군","2010. 4/4","20.3","12.7","7.6","1.5","9.5","9.3",
"3233","영월군","2011. 1/4","20.3","12.6","7.7","1.4","8.5","10.3",
"3233","영월군","2011. 2/4","22","12.9","9.1","1.6","8.9","11.5",
"3233","영월군","2011. 3/4","21.9","12.6","9.3","1.8","8.6","11.5",
"3233","영월군","2011. 4/4","20.3","12.3","8","1.8","8.6","9.9",
"3233","영월군","2012. 1/4","19.5","12.1","7.4","1.8","7.7","10",
"3233","영월군","2012. 2/4","22.7","13.2","9.5","1.8","8.8","12.1",
"3233","영월군","2012. 3/4","22.8","13.4","9.4","2","8.5","12.3",
"3233","영월군","2012. 4/4","18.2","11.8","6.4","1.8","7.9","8.5",
"3234","평창군","2010. 4/4","22.2","14","8.2","2.4","10","9.8",
"3234","평창군","2011. 1/4","23.2","14","9.2","2.4","10.1","10.7",
"3234","평창군","2011. 2/4","26.1","15.5","10.6","2.4","10.5","13.3",
"3234","평창군","2011. 3/4","26.6","16.1","10.5","2.8","10.4","13.4",
"3234","평창군","2011. 4/4","23.6","15.1","8.5","3","9.6","11",
"3234","평창군","2012. 1/4","23.1","14.4","8.7","2.3","10.3","10.4",
"3234","평창군","2012. 2/4","28","16.4","11.6","2.3","11.1","14.6",
"3234","평창군","2012. 3/4","29.4","17.5","11.9","2.7","11.5","15.3",
"3234","평창군","2012. 4/4","22.4","14.9","7.5","2.5","10.9","9",
"3235","정선군","2010. 4/4","20.7","13.2","7.5","2.5","10.3","7.8",
"3235","정선군","2011. 1/4","22.4","13.7","8.7","3.6","10","8.8",
"3235","정선군","2011. 2/4","23.4","14","9.4","2.5","10.4","10.5",
"3235","정선군","2011. 3/4","24.2","14.7","9.5","3","10.7","10.5",
"3235","정선군","2011. 4/4","21.1","13.1","8","3.6","10","7.4",
"3235","정선군","2012. 1/4","19.9","12.6","7.3","2.2","9.8","8",
"3235","정선군","2012. 2/4","23.5","14.3","9.1","2.6","10.3","10.6",
"3235","정선군","2012. 3/4","24.4","14.7","9.7","2.6","10.6","11.1",
"3235","정선군","2012. 4/4","19.4","12","7.4","2.7","9.5","7.2",
"3236","철원군","2010. 4/4","19.6","12.1","7.5","2.2","8.7","8.7",
"3236","철원군","2011. 1/4","22.1","13.2","8.9","2.5","9.5","10.1",
"3236","철원군","2011. 2/4","21.8","12.7","9.2","2.5","9.1","10.3",
"3236","철원군","2011. 3/4","21.3","12.7","8.6","2.2","9.1","10",
"3236","철원군","2011. 4/4","19.2","12.3","6.9","2.3","8.1","8.8",
"3236","철원군","2012. 1/4","21.8","12.8","9","2.9","9.2","9.7",
"3236","철원군","2012. 2/4","22.6","13.4","9.2","2.9","9.2","10.5",
"3236","철원군","2012. 3/4","22.5","13","9.5","2.8","9","10.6",
"3236","철원군","2012. 4/4","20.8","12.7","8.1","2.7","8.8","9.3",
"3237","화천군","2010. 4/4","11.7","7","4.7","1.9","5.1","4.6",
"3237","화천군","2011. 1/4","10.3","5.5","4.8","1","4.6","4.7",
"3237","화천군","2011. 2/4","11","6","5",".8","4.8","5.3",
"3237","화천군","2011. 3/4","11.5","6.5","5",".8","4.8","5.9",
"3237","화천군","2011. 4/4","10.5","6.1","4.4","1","4.6","4.8",
"3237","화천군","2012. 1/4","10.1","5.4","4.7",".7","4.5","5",
"3237","화천군","2012. 2/4","12","6.4","5.6",".7","5.6","5.8",
"3237","화천군","2012. 3/4","11","5.7","5.3",".7","4.4","5.9",
"3237","화천군","2012. 4/4","9.5","5.3","4.3",".8","4.2","4.6",
"3238","양구군","2010. 4/4","9.7","5.8","3.9",".8","4.1","4.8",
"3238","양구군","2011. 1/4","9.3","5.4","3.9",".9","3.9","4.5",
"3238","양구군","2011. 2/4","10.4","5.7","4.7",".8","4.4","5.2",
"3238","양구군","2011. 3/4","10.2","5.5","4.7",".9","3.9","5.4",
"3238","양구군","2011. 4/4","9.9","6","3.8",".9","4.1","4.8",
"3238","양구군","2012. 1/4","9.9","5.9","4","1","3.8","5.1",
"3238","양구군","2012. 2/4","10.5","6.2","4.3","1.2","4","5.4",
"3238","양구군","2012. 3/4","10.5","6.1","4.5","1","3.9","5.6",
"3238","양구군","2012. 4/4","9.8","6.3","3.4","1.1","3.8","4.9",
"3239","인제군","2010. 4/4","13.8","7.9","5.9","1.3","6.5","6",
"3239","인제군","2011. 1/4","14.4","8.1","6.3","1.3","6.1","7",
"3239","인제군","2011. 2/4","15.3","8.3","7","1.1","6.5","7.7",
"3239","인제군","2011. 3/4","16.1","9","7.1","1.8","6.4","7.9",
"3239","인제군","2011. 4/4","14.5","8.6","5.9","1.4","6","7.1",
"3239","인제군","2012. 1/4","14.1","8.1","6","1.5","6","6.7",
"3239","인제군","2012. 2/4","16","9.3","6.7","1.6","6.3","8.1",
"3239","인제군","2012. 3/4","16.3","9.1","7.2","1.6","6","8.7",
"3239","인제군","2012. 4/4","14.9","8.4","6.4","1.5","6.1","7.3",
"3240","고성군","2010. 4/4","15.8","9.4","6.4","2.2","6.7","6.9",
"3240","고성군","2011. 1/4","15.8","9.3","6.5","2","6.5","7.3",
"3240","고성군","2011. 2/4","18.1","10.8","7.3","2.3","7","8.8",
"3240","고성군","2011. 3/4","17.6","10.6","7","2.1","7","8.6",
"3240","고성군","2011. 4/4","16.6","10.1","6.6","2.1","6.8","7.7",
"3240","고성군","2012. 1/4","15.7","8.9","6.8","1.5","6.1","8.1",
"3240","고성군","2012. 2/4","17.6","10","7.6","2","6.6","9.1",
"3240","고성군","2012. 3/4","17.8","10.3","7.5","1.9","6.5","9.3",
"3240","고성군","2012. 4/4","16.4","9.7","6.7","1.8","6.3","8.4",
"3241","양양군","2010. 4/4","12.9","7.5","5.4","1","5.6","6.3",
"3241","양양군","2011. 1/4","13","7.6","5.3","1.1","5.4","6.5",
"3241","양양군","2011. 2/4","15.9","9","7","1.2","5.7","9",
"3241","양양군","2011. 3/4","16","9.4","6.6","1.3","6.5","8.2",
"3241","양양군","2011. 4/4","14.4","8.5","5.8","1.1","5.8","7.6",
"3241","양양군","2012. 1/4","13.7","8.1","5.6","1.1","5.9","6.8",
"3241","양양군","2012. 2/4","16.1","8.9","7.2","1.2","6.2","8.8",
"3241","양양군","2012. 3/4","16.6","9.1","7.5",".9","6.5","9.2",
"3241","양양군","2012. 4/4","13.9","8.1","5.8","1.3","5.9","6.8",
"3301","청주시","2010. 4/4","246.5","137.8","108.7","40.7","139.3","66.5",
"3301","청주시","2011. 1/4","251.3","139","112.3","43.1","138.6","69.6",
"3301","청주시","2011. 2/4","252.5","142.8","109.7","40.6","136.8","75.1",
"3301","청주시","2011. 3/4","249.3","142.7","106.5","38.7","138.7","71.9",
"3301","청주시","2011. 4/4","251.6","145","106.6","41","140.8","69.8",
"3301","청주시","2012. 1/4","245","136.3","108.6","37.7","134.6","72.6",
"3301","청주시","2012. 2/4","263.8","142.8","121","38.3","140.9","84.6",
"3301","청주시","2012. 3/4","266","145.1","120.9","41.7","140","84.4",
"3301","청주시","2012. 4/4","260.1","146.5","113.6","38.4","142.1","79.7",
"3302","충주시","2010. 4/4","94.4","55.8","38.5","15.8","45.2","33.4",
"3302","충주시","2011. 1/4","98.3","57.3","41","16","45","37.3",
"3302","충주시","2011. 2/4","101.4","58.7","42.6","15.4","44.9","41.1",
"3302","충주시","2011. 3/4","97.4","56.7","40.7","13.3","45","39.1",
"3302","충주시","2011. 4/4","89.1","52.8","36.4","11.3","45.4","32.4",
"3302","충주시","2012. 1/4","97.4","58.3","39","14.1","46.4","36.9",
"3302","충주시","2012. 2/4","101.8","59.6","42.2","15.2","47.2","39.4",
"3302","충주시","2012. 3/4","103.9","61.1","42.7","14.7","46.5","42.7",
"3302","충주시","2012. 4/4","91.8","55.2","36.6","13.7","45","33.1",
"3303","제천시","2010. 4/4","54.3","33.1","21.2","6.4","26.6","21.3",
"3303","제천시","2011. 1/4","57","34.1","23","6.4","26.6","24",
"3303","제천시","2011. 2/4","63.8","37.1","26.7","7.7","29.6","26.5",
"3303","제천시","2011. 3/4","64.2","37.8","26.4","7.4","29.8","27",
"3303","제천시","2011. 4/4","61.4","36","25.4","7.7","29.2","24.6",
"3303","제천시","2012. 1/4","60.5","34.8","25.6","8.4","27.7","24.5",
"3303","제천시","2012. 2/4","61.6","35.1","26.5","7.9","26.4","27.3",
"3303","제천시","2012. 3/4","61.1","35","26.1","7.8","25.7","27.6",
"3303","제천시","2012. 4/4","56.7","32.6","24.1","7.7","25.8","23.2",
"3331","청원군","2010. 4/4","86.4","59.3","27.1","11.1","47.7","27.6",
"3331","청원군","2011. 1/4","97","62.6","34.4","12.8","50","34.1",
"3331","청원군","2011. 2/4","103.9","65.4","38.5","15.5","52.5","36",
"3331","청원군","2011. 3/4","99.5","64.6","35","14.3","48.5","36.8",
"3331","청원군","2011. 4/4","96.2","64.1","32.2","14","46.6","35.6",
"3331","청원군","2012. 1/4","95.2","66.6","28.6","12.7","49.9","32.7",
"3331","청원군","2012. 2/4","108.3","72.2","36.1","15.8","54.7","37.7",
"3331","청원군","2012. 3/4","106.4","69.4","36.9","14.2","55.3","36.9",
"3331","청원군","2012. 4/4","100","69.5","30.6","14.7","54.2","31",
"3332","보은군","2010. 4/4","20.1","12.4","7.7","1.3","8.4","10.4",
"3332","보은군","2011. 1/4","21.5","13.2","8.4","1.3","8.8","11.4",
"3332","보은군","2011. 2/4","22.1","13.1","9","2","8.1","12.1",
"3332","보은군","2011. 3/4","22","13.2","8.8","1.6","8","12.4",
"3332","보은군","2011. 4/4","19.9","12.2","7.6","1.6","7.5","10.8",
"3332","보은군","2012. 1/4","20.4","12.2","8.2","2","7.7","10.6",
"3332","보은군","2012. 2/4","22","13.1","8.9","1.9","7.4","12.7",
"3332","보은군","2012. 3/4","23.1","13.8","9.3","1.9","8.6","12.6",
"3332","보은군","2012. 4/4","20.4","12.9","7.5","1.5","8.2","10.7",
"3333","옥천군","2010. 4/4","29.2","17.9","11.3","2.3","13.1","13.8",
"3333","옥천군","2011. 1/4","31","18.9","12.1","2.7","11.8","16.5",
"3333","옥천군","2011. 2/4","34","20.4","13.6","4.1","12.3","17.6",
"3333","옥천군","2011. 3/4","34.7","20.4","14.3","3.8","12.9","18.1",
"3333","옥천군","2011. 4/4","32.2","19.8","12.4","3.9","13.7","14.6",
"3333","옥천군","2012. 1/4","33.6","19.9","13.7","3.9","13.1","16.6",
"3333","옥천군","2012. 2/4","37","21.2","15.8","4.5","14.4","18.1",
"3333","옥천군","2012. 3/4","35.7","20.3","15.4","3.4","14.2","18.1",
"3333","옥천군","2012. 4/4","31.8","19","12.8","3.6","13.2","15.1",
"3334","영동군","2010. 4/4","27.2","15.6","11.6","2.4","10.1","14.7",
"3334","영동군","2011. 1/4","28.9","16","12.9","2.5","10.8","15.6",
"3334","영동군","2011. 2/4","31.5","17.5","14","2.6","11.5","17.5",
"3334","영동군","2011. 3/4","30.9","17.2","13.7","2.2","11.1","17.6",
"3334","영동군","2011. 4/4","28.9","16.7","12.1","2.2","11.3","15.4",
"3334","영동군","2012. 1/4","29.9","17.5","12.5","2","11.7","16.2",
"3334","영동군","2012. 2/4","31.8","18","13.8","1.9","12.1","17.8",
"3334","영동군","2012. 3/4","31.7","17.7","14","1.7","11.7","18.3",
"3334","영동군","2012. 4/4","30.6","17.9","12.6","2.1","11.8","16.7",
"3335","진천군","2010. 4/4","44.7","30.5","14.2","7.5","23","14.2",
"3335","진천군","2011. 1/4","45.3","29.8","15.5","7.8","22.5","15",
"3335","진천군","2011. 2/4","49.6","32.9","16.7","8.7","24.3","16.6",
"3335","진천군","2011. 3/4","49.6","32.1","17.6","7.9","24.9","16.9",
"3335","진천군","2011. 4/4","47.8","32.3","15.5","7.3","25.6","14.9",
"3335","진천군","2012. 1/4","50.1","33.2","16.9","7.7","27.5","14.9",
"3335","진천군","2012. 2/4","52.1","33.8","18.4","8.2","25.9","18.1",
"3335","진천군","2012. 3/4","53.3","34.5","18.8","8.4","26.3","18.5",
"3335","진천군","2012. 4/4","51","34.8","16.1","8.7","26.9","15.3",
"3336","괴산군","2010. 4/4","21.1","12.8","8.2","2.1","9.9","9.1",
"3336","괴산군","2011. 1/4","25.1","14.9","10.2","2.9","9.1","13",
"3336","괴산군","2011. 2/4","26.9","15.2","11.7","2.4","9.5","15.1",
"3336","괴산군","2011. 3/4","26.7","15.6","11.1","2.1","9.2","15.4",
"3336","괴산군","2011. 4/4","22.9","14.3","8.6","2","8.9","12.1",
"3336","괴산군","2012. 1/4","22.6","13.8","8.8","2.2","7.3","13",
"3336","괴산군","2012. 2/4","24.3","13.7","10.6","2.4","7.5","14.4",
"3336","괴산군","2012. 3/4","24.6","14","10.6","2.6","7.4","14.6",
"3336","괴산군","2012. 4/4","21.2","12.9","8.3","2.2","7.3","11.7",
"3337","음성군","2010. 4/4","62.2","43.1","19.1","9.2","33.5","19.5",
"3337","음성군","2011. 1/4","63.9","43.4","20.5","9.5","32.7","21.6",
"3337","음성군","2011. 2/4","67.6","45.3","22.3","9.7","34.3","23.6",
"3337","음성군","2011. 3/4","65.9","44.2","21.6","9.1","33.4","23.3",
"3337","음성군","2011. 4/4","63.1","44.3","18.8","8.3","33.6","21.2",
"3337","음성군","2012. 1/4","66.4","43.9","22.5","9.6","32","24.8",
"3337","음성군","2012. 2/4","70.1","46.2","24","8.1","33","29",
"3337","음성군","2012. 3/4","66.2","43","23.2","8.8","30.3","27.1",
"3337","음성군","2012. 4/4","63.9","43.1","20.8","9.2","30.1","24.6",
"3338","단양군","2010. 4/4","16.5","10.5","5.9","1.5","7.4","7.6",
"3338","단양군","2011. 1/4","18.6","11.1","7.5","1.6","7.4","9.7",
"3338","단양군","2011. 2/4","19.2","11.3","7.9","1.6","7.4","10.1",
"3338","단양군","2011. 3/4","19.6","11.8","7.8","2.1","7.3","10.2",
"3338","단양군","2011. 4/4","16.2","10.1","6.1","1.7","6.7","7.8",
"3338","단양군","2012. 1/4","18.3","11.7","6.6","1.5","7.1","9.7",
"3338","단양군","2012. 2/4","19","12","7","1.4","7.3","10.3",
"3338","단양군","2012. 3/4","19","11.7","7.3","1.8","7.1","10",
"3338","단양군","2012. 4/4","17.5","11.1","6.4","2","7.2","8.4",
"3339","증평군","2010. 4/4","11.9","6.9","5","1.9","5.8","4.1",
"3339","증평군","2011. 1/4","13.9","8","6","1.4","6.4","6.2",
"3339","증평군","2011. 2/4","13.6","7.8","5.8","1.4","6.4","5.8",
"3339","증평군","2011. 3/4","13.5","7.1","6.4","1.5","6.7","5.3",
"3339","증평군","2011. 4/4","13.6","7.6","6","2.1","6.4","5",
"3339","증평군","2012. 1/4","16.1","9.2","6.9","3.1","7","5.9",
"3339","증평군","2012. 2/4","15.1","8.4","6.7","2.5","6.6","6",
"3339","증평군","2012. 3/4","15.8","8.9","7","2.4","7.2","6.2",
"3339","증평군","2012. 4/4","15.1","8.7","6.4","2.8","6.8","5.4",
"3401","천안시","2010. 4/4","267.7","169.6","98.1","52.1","150.1","65.5",
"3401","천안시","2011. 1/4","270.5","169.3","101.3","45.5","152.1","73",
"3401","천안시","2011. 2/4","282.3","173.7","108.6","50.3","153.3","78.7",
"3401","천안시","2011. 3/4","275.9","168.1","107.7","46.1","154.3","75.5",
"3401","천안시","2011. 4/4","273.8","170.4","103.4","48.9","158.2","66.7",
"3401","천안시","2012. 1/4","296.9","185.2","111.7","55.4","164.6","76.9",
"3401","천안시","2012. 2/4","293.9","182.6","111.3","51.4","163.2","79.3",
"3401","천안시","2012. 3/4","290.2","180.4","109.9","53","158.6","78.7",
"3401","천안시","2012. 4/4","288.5","178.2","110.3","51.6","160.1","76.9",
"3402","공주시","2010. 4/4","60.7","37.6","23.1","7.9","26.7","26.2",
"3402","공주시","2011. 1/4","63.4","38.8","24.6","6.3","26.7","30.4",
"3402","공주시","2011. 2/4","68.5","42.3","26.2","8.8","28.4","31.3",
"3402","공주시","2011. 3/4","67.5","40.9","26.6","7.9","28.2","31.3",
"3402","공주시","2011. 4/4","65.5","39.6","26","8.1","28","29.5",
"3402","공주시","2012. 1/4","59.1","35.9","23.2","7.9","25.8","25.5",
"3402","공주시","2012. 2/4","62.5","37.4","25.1","7.4","26.3","28.8",
"3402","공주시","2012. 3/4","60.9","36.2","24.7","7.4","24.5","28.9",
"3402","공주시","2012. 4/4","55.2","33.7","21.5","6.4","25.1","23.7",
"3403","보령시","2010. 4/4","51.3","32.9","18.4","6.9","22.7","21.8",
"3403","보령시","2011. 1/4","55.4","33.7","21.7","6.4","24","25",
"3403","보령시","2011. 2/4","56","32.9","23.1","6","23.6","26.4",
"3403","보령시","2011. 3/4","54.7","33.1","21.6","6.1","23.5","25.1",
"3403","보령시","2011. 4/4","53.5","34","19.5","6.5","23.9","23.2",
"3403","보령시","2012. 1/4","51.8","32.3","19.5","6.4","21.7","23.7",
"3403","보령시","2012. 2/4","56.8","33.5","23.3","6.5","23.2","27.1",
"3403","보령시","2012. 3/4","56.9","32.4","24.5","5.9","22.6","28.3",
"3403","보령시","2012. 4/4","52.7","31.9","20.8","5.3","22.8","24.6",
"3404","아산시","2010. 4/4","152.2","102.4","49.8","31.3","89.6","31.3",
"3404","아산시","2011. 1/4","160.1","106.6","53.5","33.8","89","37.3",
"3404","아산시","2011. 2/4","166","109.1","56.9","33.9","90.7","41.4",
"3404","아산시","2011. 3/4","168","109.8","58.2","33.2","90.8","44",
"3404","아산시","2011. 4/4","157.4","106.3","51.1","30.8","91.3","35.3",
"3404","아산시","2012. 1/4","157.2","103.4","53.8","32.7","85.2","39.4",
"3404","아산시","2012. 2/4","163.3","110.8","52.6","32.6","88.6","42.1",
"3404","아산시","2012. 3/4","167.5","111.1","56.4","34.3","91.9","41.2",
"3404","아산시","2012. 4/4","158.7","104.5","54.1","31.1","93","34.6",
"3405","서산시","2010. 4/4","81.7","51.9","29.8","9","38.4","34.3",
"3405","서산시","2011. 1/4","84.9","53.2","31.8","9.8","36.9","38.2",
"3405","서산시","2011. 2/4","83.7","50.3","33.5","9.3","36.2","38.2",
"3405","서산시","2011. 3/4","83.8","51.1","32.7","10","37.3","36.5",
"3405","서산시","2011. 4/4","78.6","53.1","25.5","9.4","37.3","32",
"3405","서산시","2012. 1/4","79.3","49.8","29.4","8.6","36.1","34.5",
"3405","서산시","2012. 2/4","83.1","50.6","32.5","9.1","37.7","36.3",
"3405","서산시","2012. 3/4","82.9","51.2","31.7","9.3","36.8","36.9",
"3405","서산시","2012. 4/4","75.6","49.9","25.7","8.4","36.8","30.4",
"3406","논산시","2010. 4/4","65.2","39.9","25.3","7.6","28.5","29",
"3406","논산시","2011. 1/4","64.5","36","28.5","6.3","26.9","31.2",
"3406","논산시","2011. 2/4","69.5","38","31.5","7","28.5","33.9",
"3406","논산시","2011. 3/4","69.3","38.8","30.5","6.5","29.8","33",
"3406","논산시","2011. 4/4","69.9","40.1","29.8","7.8","29.9","32.2",
"3406","논산시","2012. 1/4","66.8","39.2","27.6","7.5","28.3","31",
"3406","논산시","2012. 2/4","67.3","39.8","27.5","7.9","29","30.4",
"3406","논산시","2012. 3/4","69.9","40.4","29.5","8","29.5","32.3",
"3406","논산시","2012. 4/4","66","40.3","25.8","8.2","28.4","29.5",
"3407","계룡시","2010. 4/4","10.8","4.9","5.9","1.2","6.8","2.8",
"3407","계룡시","2011. 1/4","10.7","5.7","5",".7","7.2","2.8",
"3407","계룡시","2011. 2/4","13.5","7.3","6.2",".7","8.7","4.1",
"3407","계룡시","2011. 3/4","14.1","7.2","6.8",".7","9.1","4.2",
"3407","계룡시","2011. 4/4","12.8","6.5","6.3",".6","8.4","3.8",
"3407","계룡시","2012. 1/4","11.7","6.1","5.6",".8","7.2","3.7",
"3407","계룡시","2012. 2/4","13.3","6.2","7.1",".9","7.9","4.5",
"3407","계룡시","2012. 3/4","14.3","7.5","6.8","1.4","8.2","4.7",
"3407","계룡시","2012. 4/4","12.1","5.8","6.3",".8","7.3","4",
"3408","당진시","2010. 4/4","","","","","","",
"3408","당진시","2011. 1/4","","","","","","",
"3408","당진시","2011. 2/4","","","","","","",
"3408","당진시","2011. 3/4","","","","","","",
"3408","당진시","2011. 4/4","","","","","","",
"3408","당진시","2012. 1/4","85.1","58.3","26.7","10.2","40.3","34.6",
"3408","당진시","2012. 2/4","91.7","59.4","32.2","11.1","42.7","37.9",
"3408","당진시","2012. 3/4","90.4","60","30.4","10.1","41.2","39.1",
"3408","당진시","2012. 4/4","82.8","59.1","23.7","10.8","40.9","31",
"3431","금산군","2010. 4/4","38.1","24","14.1","3.9","16.8","17.4",
"3431","금산군","2011. 1/4","43.1","26.9","16.1","4.3","17.5","21.3",
"3431","금산군","2011. 2/4","44.5","26.7","17.8","5.1","18.7","20.7",
"3431","금산군","2011. 3/4","44.3","26.4","17.9","4.5","18.4","21.4",
"3431","금산군","2011. 4/4","42.3","26","16.3","5.3","17.9","19.1",
"3431","금산군","2012. 1/4","44.3","28.4","15.9","6","19.8","18.5",
"3431","금산군","2012. 2/4","44.3","27.3","17.1","4.9","19.4","20",
"3431","금산군","2012. 3/4","45.2","27","18.2","5.4","19.2","20.6",
"3431","금산군","2012. 4/4","40.8","25.4","15.4","4.5","18.3","17.9",
"3432","연기군","2010. 4/4","47","30.6","16.3","8.6","21.3","17.1",
"3432","연기군","2011. 1/4","48.3","30","18.3","7.9","21.2","19.1",
"3432","연기군","2011. 2/4","51.8","32.7","19.1","7.9","21.7","22.2",
"3432","연기군","2011. 3/4","49.2","31.5","17.6","7.8","20.4","20.9",
"3432","연기군","2011. 4/4","51.8","33.5","18.3","8.1","21","22.7",
"3432","연기군","2012. 1/4","45.4","28.4","17.1","8.1","21.8","15.6",
"3432","연기군","2012. 2/4","51.4","31.3","20.1","7.8","24","19.6",
"3432","연기군","2012. 3/4","58","35.4","22.6","7.4","25.4","25.2",
"3432","연기군","2012. 4/4","60.7","39.8","20.9","7.4","30.3","22.9",
"3433","부여군","2010. 4/4","35.1","21.1","14","2.9","14.6","17.6",
"3433","부여군","2011. 1/4","42","24","18","4.1","15","22.9",
"3433","부여군","2011. 2/4","43.1","25","18.1","4.2","14.8","24.1",
"3433","부여군","2011. 3/4","40.7","23.7","17","3.7","13.5","23.5",
"3433","부여군","2011. 4/4","36.5","23.1","13.4","3.3","13.1","20.1",
"3433","부여군","2012. 1/4","41.9","25.4","16.5","4.6","15.1","22.3",
"3433","부여군","2012. 2/4","43.8","25.2","18.7","4.3","15.6","23.9",
"3433","부여군","2012. 3/4","42.1","24.4","17.7","3.6","14.7","23.8",
"3433","부여군","2012. 4/4","40","23.2","16.9","3.9","14.1","22",
"3434","서천군","2010. 4/4","31.1","17.8","13.2","2.7","12.6","15.7",
"3434","서천군","2011. 1/4","32","18.1","13.8","3","11.3","17.6",
"3434","서천군","2011. 2/4","33.5","19.1","14.4","3.1","11.7","18.7",
"3434","서천군","2011. 3/4","33.2","19","14.2","3","11.6","18.7",
"3434","서천군","2011. 4/4","30.4","18.8","11.6","2.7","11.3","16.3",
"3434","서천군","2012. 1/4","30","18.4","11.6","2.9","11.6","15.6",
"3434","서천군","2012. 2/4","33.4","19.7","13.7","3.4","11.4","18.6",
"3434","서천군","2012. 3/4","34.9","20","14.9","3.4","12.6","18.9",
"3434","서천군","2012. 4/4","30","18.6","11.4","3.3","11.3","15.5",
"3435","청양군","2010. 4/4","14.9","9.6","5.3","2","6.4","6.5",
"3435","청양군","2011. 1/4","19.3","11.3","8","2.1","6.4","10.8",
"3435","청양군","2011. 2/4","21","11.7","9.2","1.5","6.5","13",
"3435","청양군","2011. 3/4","20.9","11.6","9.3","1.8","6.8","12.4",
"3435","청양군","2011. 4/4","14.7","9","5.6","1.6","6","7.1",
"3435","청양군","2012. 1/4","18.5","11","7.5","1.9","6.6","10",
"3435","청양군","2012. 2/4","20.8","12","8.8","1.8","6.6","12.4",
"3435","청양군","2012. 3/4","20.3","11.5","8.8","1.8","6.3","12.2",
"3435","청양군","2012. 4/4","13.5","8.6","4.9","1.6","5.5","6.5",
"3436","홍성군","2010. 4/4","36.8","21.5","15.3","4.5","17.7","14.6",
"3436","홍성군","2011. 1/4","47.3","26","21.3","6.2","18","23.1",
"3436","홍성군","2011. 2/4","49.6","27.7","21.9","5.4","18.6","25.7",
"3436","홍성군","2011. 3/4","48.3","27","21.3","5.8","17.5","25",
"3436","홍성군","2011. 4/4","40","23.8","16.2","6.3","17.6","16",
"3436","홍성군","2012. 1/4","46","27.2","18.8","5.6","18.5","21.8",
"3436","홍성군","2012. 2/4","50.8","29","21.9","5.3","19.8","25.7",
"3436","홍성군","2012. 3/4","51","28.4","22.6","5.9","18.5","26.7",
"3436","홍성군","2012. 4/4","39.2","23.5","15.6","6","18","15.2",
"3437","예산군","2010. 4/4","38.9","23.1","15.8","4.5","16.4","18.1",
"3437","예산군","2011. 1/4","43.9","25.7","18.2","5","17.2","21.7",
"3437","예산군","2011. 2/4","49.3","28.1","21.3","5.3","18.2","25.8",
"3437","예산군","2011. 3/4","47.4","26.5","20.9","4.5","17.2","25.7",
"3437","예산군","2011. 4/4","36.8","22.4","14.4","4.3","16.7","15.8",
"3437","예산군","2012. 1/4","41.3","24.8","16.5","3.8","16.2","21.3",
"3437","예산군","2012. 2/4","46.6","27","19.5","3.5","17.5","25.6",
"3437","예산군","2012. 3/4","48.8","28.1","20.7","4.2","18.5","26.2",
"3437","예산군","2012. 4/4","36.9","22.8","14","3.7","16.9","16.2",
"3438","태안군","2010. 4/4","35.5","20.6","14.9","2.6","12.9","19.9",
"3438","태안군","2011. 1/4","38.2","21.6","16.6","3.6","13.1","21.4",
"3438","태안군","2011. 2/4","37.4","20.8","16.6","3.2","13.2","21",
"3438","태안군","2011. 3/4","39.1","22.3","16.8","3.7","13.5","21.9",
"3438","태안군","2011. 4/4","34.9","20.6","14.3","3.4","12.4","19.1",
"3438","태안군","2012. 1/4","36","20.8","15.2","2.9","12.5","20.6",
"3438","태안군","2012. 2/4","40.4","22.1","18.2","3.7","13.6","23.1",
"3438","태안군","2012. 3/4","40.3","22.1","18.2","3.7","13.2","23.3",
"3438","태안군","2012. 4/4","37.7","21.9","15.8","3.2","13.4","21.1",
"3439","당진군","2010. 4/4","83.3","56.2","27.2","10.5","37.9","35",
"3439","당진군","2011. 1/4","85.4","56.1","29.3","11.1","37.9","36.3",
"3439","당진군","2011. 2/4","91.9","60.4","31.5","12","40.3","39.7",
"3439","당진군","2011. 3/4","89","57.2","31.8","10.7","39.3","39.1",
"3439","당진군","2011. 4/4","82.6","57.1","25.5","10.4","39.5","32.7",
"3501","전주시","2010. 4/4","219.3","123.2","96.2","30.4","123.6","65.3",
"3501","전주시","2011. 1/4","231.2","133.7","97.5","30.4","128.7","72.2",
"3501","전주시","2011. 2/4","237.9","129.5","108.5","32.3","127.2","78.5",
"3501","전주시","2011. 3/4","224","122.4","101.5","31.1","122.4","70.4",
"3501","전주시","2011. 4/4","227.4","124","103.4","30.8","124.6","71.9",
"3501","전주시","2012. 1/4","239.8","137.7","102","36.5","126.8","76.4",
"3501","전주시","2012. 2/4","248.5","141.5","107","37.4","131.7","79.4",
"3501","전주시","2012. 3/4","249.1","138.1","111","37.1","128.6","83.4",
"3501","전주시","2012. 4/4","253.4","145.6","107.8","37.1","131.8","84.5",
"3502","군산시","2010. 4/4","113.2","76.2","36.9","12.9","62.3","38",
"3502","군산시","2011. 1/4","118.9","77.3","41.6","14.8","63.7","40.4",
"3502","군산시","2011. 2/4","124.5","77.8","46.7","14.8","66.4","43.4",
"3502","군산시","2011. 3/4","121","78.1","42.9","14.7","63.4","43",
"3502","군산시","2011. 4/4","118.3","77.7","40.6","12.7","63.3","42.3",
"3502","군산시","2012. 1/4","124.6","83.6","41","16","65.3","43.3",
"3502","군산시","2012. 2/4","129.3","85.5","43.8","16","66","47.4",
"3502","군산시","2012. 3/4","130.2","85.6","44.6","15.2","66.9","48.2",
"3502","군산시","2012. 4/4","127.6","86","41.7","15.8","66.7","45.1",
"3503","익산시","2010. 4/4","128.4","76.5","51.9","17.2","65.4","45.8",
"3503","익산시","2011. 1/4","134.6","78.7","55.9","16.5","67.9","50.2",
"3503","익산시","2011. 2/4","141.1","82.5","58.6","18.5","69.5","53.1",
"3503","익산시","2011. 3/4","142.5","81.4","61.1","17.4","69.5","55.6",
"3503","익산시","2011. 4/4","136","79.9","56.1","15.9","69.4","50.7",
"3503","익산시","2012. 1/4","132.2","79.3","52.9","17.9","65.8","48.4",
"3503","익산시","2012. 2/4","134","80.9","53","15.3","65.8","52.9",
"3503","익산시","2012. 3/4","136","81.4","54.6","14.4","67.6","54",
"3503","익산시","2012. 4/4","129.7","78.7","51","15.5","65.5","48.6",
"3504","정읍시","2010. 4/4","56.3","33.8","22.6","5.5","24.2","26.7",
"3504","정읍시","2011. 1/4","58","34","24","4.9","24.8","28.3",
"3504","정읍시","2011. 2/4","63.2","36.2","27.1","5.9","26.9","30.4",
"3504","정읍시","2011. 3/4","58.5","34.5","24","5","25.5","28",
"3504","정읍시","2011. 4/4","54","33.3","20.7","4.4","24.8","24.8",
"3504","정읍시","2012. 1/4","54.7","33.5","21.2","4.4","24.5","25.8",
"3504","정읍시","2012. 2/4","58.7","33.9","24.8","5.5","25.1","28",
"3504","정읍시","2012. 3/4","59.7","34.1","25.6","6","24.9","28.8",
"3504","정읍시","2012. 4/4","53.8","34","19.8","5.6","24.9","23.3",
"3505","남원시","2010. 4/4","42.9","25.5","17.4","4.4","18.5","20.1",
"3505","남원시","2011. 1/4","43.9","24.6","19.3","4","18.5","21.4",
"3505","남원시","2011. 2/4","46","24.5","21.4","4.5","18.7","22.8",
"3505","남원시","2011. 3/4","45.4","24","21.4","3.9","18.4","23.1",
"3505","남원시","2011. 4/4","43.4","25.5","17.9","4.5","18.3","20.6",
"3505","남원시","2012. 1/4","44.5","25.2","19.3","3.6","18.6","22.3",
"3505","남원시","2012. 2/4","46.6","25.2","21.3","4","18.3","24.3",
"3505","남원시","2012. 3/4","45.4","24.2","21.3","4","17.9","23.6",
"3505","남원시","2012. 4/4","41.7","24.8","17","3.6","17.9","20.2",
"3506","김제시","2010. 4/4","52","29.3","22.7","3.9","20","28.1",
"3506","김제시","2011. 1/4","51.9","28.7","23.1","4.2","19.8","27.9",
"3506","김제시","2011. 2/4","53","29.3","23.7","4.6","20.5","28",
"3506","김제시","2011. 3/4","54.4","30.3","24.1","4.9","19.7","29.8",
"3506","김제시","2011. 4/4","52.9","31.3","21.6","4.8","19.5","28.6",
"3506","김제시","2012. 1/4","53.4","30.5","22.8","4.8","18.5","30.1",
"3506","김제시","2012. 2/4","56.3","31","25.4","5.1","19.6","31.6",
"3506","김제시","2012. 3/4","55.9","31.9","23.9","4.7","20.3","30.9",
"3506","김제시","2012. 4/4","54.3","30.4","23.9","5.2","19.6","29.5",
"3531","완주군","2010. 4/4","60.7","40.5","20.2","7.1","28.3","25.3",
"3531","완주군","2011. 1/4","55.5","34.9","20.6","6.1","25.5","24",
"3531","완주군","2011. 2/4","58.2","37.2","21","6.4","27.3","24.5",
"3531","완주군","2011. 3/4","62.6","40.1","22.6","8.1","27.1","27.5",
"3531","완주군","2011. 4/4","56.4","37","19.4","6.1","25.8","24.4",
"3531","완주군","2012. 1/4","51.7","32.1","19.6","5.9","23.3","22.4",
"3531","완주군","2012. 2/4","52.2","31.7","20.5","5.9","22.5","23.8",
"3531","완주군","2012. 3/4","54.8","35.3","19.6","5.4","24.9","24.5",
"3531","완주군","2012. 4/4","52.5","33.2","19.3","5.3","24.9","22.4",
"3532","진안군","2010. 4/4","14.2","8.6","5.7","1.1","5.2","8",
"3532","진안군","2011. 1/4","16","9.1","7",".9","5.6","9.5",
"3532","진안군","2011. 2/4","16.2","8.7","7.5","1.2","4.5","10.5",
"3532","진안군","2011. 3/4","16.7","9.3","7.4",".9","5.5","10.2",
"3532","진안군","2011. 4/4","14.4","9.6","4.8","1.1","4.9","8.3",
"3532","진안군","2012. 1/4","15.2","9.3","5.9","1.1","5.7","8.3",
"3532","진안군","2012. 2/4","16.1","9.4","6.7","1.2","5.7","9.2",
"3532","진안군","2012. 3/4","15.9","9.3","6.7",".9","6.2","8.9",
"3532","진안군","2012. 4/4","13.8","9.3","4.5",".9","5.5","7.3",
"3533","무주군","2010. 4/4","13","7.8","5.2","1.3","5","6.7",
"3533","무주군","2011. 1/4","14","7.6","6.3","1","4.8","8.2",
"3533","무주군","2011. 2/4","15.2","8.1","7.1","1.1","5","9.2",
"3533","무주군","2011. 3/4","14.8","8","6.9","1.1","4.8","9",
"3533","무주군","2011. 4/4","13.2","8","5.2","1.1","4.7","7.4",
"3533","무주군","2012. 1/4","13.4","7.8","5.5",".9","5","7.5",
"3533","무주군","2012. 2/4","15.4","8.9","6.5",".9","5.4","9.1",
"3533","무주군","2012. 3/4","15.3","8.8","6.5",".9","5.5","8.9",
"3533","무주군","2012. 4/4","12.5","8.1","4.3","1.3","4.8","6.3",
"3534","장수군","2010. 4/4","12","7.2","4.8","1.1","4.8","6.2",
"3534","장수군","2011. 1/4","12.4","7.3","5",".8","4.9","6.7",
"3534","장수군","2011. 2/4","14.9","8","6.9","1","5.1","8.7",
"3534","장수군","2011. 3/4","15.2","8","7.3","1.5","5.1","8.7",
"3534","장수군","2011. 4/4","12.1","7.4","4.7","1.3","4.6","6.2",
"3534","장수군","2012. 1/4","12.1","7.1","5.1",".9","4.2","7",
"3534","장수군","2012. 2/4","14.5","8.1","6.4","1","4.6","8.9",
"3534","장수군","2012. 3/4","14.6","7.8","6.8","1","4.5","9.1",
"3534","장수군","2012. 4/4","10.9","6.9","4",".9","3.9","6.1",
"3535","임실군","2010. 4/4","17.3","9.7","7.6","1.5","5.9","9.9",
"3535","임실군","2011. 1/4","17.4","9.9","7.5","1.7","6.1","9.5",
"3535","임실군","2011. 2/4","17.6","9.4","8.2","1.4","6.2","10",
"3535","임실군","2011. 3/4","17.8","10.5","7.3","1.3","5.8","10.7",
"3535","임실군","2011. 4/4","17.2","9.7","7.5","1.2","6","10.1",
"3535","임실군","2012. 1/4","19.4","10.8","8.6","1.6","6.8","11",
"3535","임실군","2012. 2/4","19.6","10.8","8.8","2.1","6.5","11",
"3535","임실군","2012. 3/4","20.4","11.3","9.1","1.6","6.4","12.5",
"3535","임실군","2012. 4/4","19.7","11.5","8.2","1.6","6.8","11.3",
"3536","순창군","2010. 4/4","16.3","9.7","6.6",".9","6.1","9.3",
"3536","순창군","2011. 1/4","17.4","9.4","8","1.1","5.6","10.7",
"3536","순창군","2011. 2/4","17.7","9.6","8.1","1.4","5.4","10.9",
"3536","순창군","2011. 3/4","17.1","8.9","8.2","1.1","5.3","10.6",
"3536","순창군","2011. 4/4","15.2","9.5","5.7",".9","5.2","9.1",
"3536","순창군","2012. 1/4","16.1","8.8","7.4",".8","5.3","10",
"3536","순창군","2012. 2/4","17.9","9.7","8.2",".9","6.1","10.9",
"3536","순창군","2012. 3/4","18.7","10.1","8.6","1","6.9","10.8",
"3536","순창군","2012. 4/4","16.2","9.3","6.9","1","6.3","8.9",
"3537","고창군","2010. 4/4","32.5","18","14.4","2.7","11.2","18.6",
"3537","고창군","2011. 1/4","33.3","17.8","15.5","2.8","10.5","20",
"3537","고창군","2011. 2/4","35","18.8","16.2","2.8","11.5","20.7",
"3537","고창군","2011. 3/4","34.3","18.5","15.8","2.6","11.6","20.1",
"3537","고창군","2011. 4/4","31.6","18","13.6","2.6","10.9","18",
"3537","고창군","2012. 1/4","33.6","18.6","15","2.7","12.1","18.9",
"3537","고창군","2012. 2/4","34.8","18.1","16.6","2.3","11.6","20.8",
"3537","고창군","2012. 3/4","34.7","18.5","16.2","2","11.8","20.9",
"3537","고창군","2012. 4/4","30.5","18.1","12.4","2.3","10.9","17.2",
"3538","부안군","2010. 4/4","31.1","18","13.2","2.8","11.7","16.6",
"3538","부안군","2011. 1/4","31.3","17","14.3","2.8","11","17.5",
"3538","부안군","2011. 2/4","32.8","17.7","15.1","3","11.5","18.3",
"3538","부안군","2011. 3/4","32.8","17.2","15.6","3.9","10.7","18.2",
"3538","부안군","2011. 4/4","30","17.4","12.6","3.4","10.2","16.4",
"3538","부안군","2012. 1/4","29.4","16.8","12.6","2.3","11.1","16",
"3538","부안군","2012. 2/4","33.6","18.3","15.3","2","11.5","20.1",
"3538","부안군","2012. 3/4","34.8","19.5","15.4","2.7","12.3","19.8",
"3538","부안군","2012. 4/4","29.3","18.2","11.1","2.6","11.2","15.6",
"3601","목포시","2010. 4/4","88.5","49","39.5","14.2","45.1","29.2",
"3601","목포시","2011. 1/4","88.2","49.2","39","12.6","44.5","31.2",
"3601","목포시","2011. 2/4","88.4","49.9","38.5","11.9","43.7","32.8",
"3601","목포시","2011. 3/4","87.9","49.3","38.6","12","44.8","31.1",
"3601","목포시","2011. 4/4","87.1","48.5","38.7","11.5","44.3","31.3",
"3601","목포시","2012. 1/4","88.1","50.4","37.7","12.2","44.8","31.1",
"3601","목포시","2012. 2/4","92.5","52.7","39.8","11.8","46.7","33.9",
"3601","목포시","2012. 3/4","94.3","54.2","40.1","11.9","48.1","34.3",
"3601","목포시","2012. 4/4","95","54.1","40.9","12.4","48.1","34.6",
"3602","여수시","2010. 4/4","122.7","79.2","43.4","11.7","62.8","48.2",
"3602","여수시","2011. 1/4","125.4","77.8","47.6","14.1","62.5","48.8",
"3602","여수시","2011. 2/4","133.1","81.2","51.9","15.2","64.4","53.6",
"3602","여수시","2011. 3/4","131.2","80.7","50.5","15.2","63.9","52.1",
"3602","여수시","2011. 4/4","131","82.1","48.9","14.5","66.1","50.4",
"3602","여수시","2012. 1/4","127.2","85.2","42","13.6","65.1","48.5",
"3602","여수시","2012. 2/4","136.5","86.5","50","16.1","67.7","52.7",
"3602","여수시","2012. 3/4","133.6","85.9","47.7","13.9","66.4","53.3",
"3602","여수시","2012. 4/4","134.7","87.1","47.7","16.2","66","52.5",
"3603","순천시","2010. 4/4","101.4","53.2","48.2","12.4","48.9","40",
"3603","순천시","2011. 1/4","101.9","53.3","48.5","12.5","48.5","40.8",
"3603","순천시","2011. 2/4","104.4","53.7","50.7","13.3","49.4","41.7",
"3603","순천시","2011. 3/4","103.8","53","50.9","13.1","48.8","42",
"3603","순천시","2011. 4/4","102.9","52.8","50.1","12.9","47.6","42.4",
"3603","순천시","2012. 1/4","100.9","54.4","46.5","11.3","50","39.6",
"3603","순천시","2012. 2/4","102.3","54.6","47.7","11.5","49.9","41",
"3603","순천시","2012. 3/4","101.8","53.7","48.1","11.8","49.5","40.5",
"3603","순천시","2012. 4/4","100.4","52.3","48.1","11.3","48.5","40.6",
"3604","나주시","2010. 4/4","58.4","35","23.4","5.6","22.1","30.7",
"3604","나주시","2011. 1/4","60.6","35.3","25.3","4.9","25.1","30.5",
"3604","나주시","2011. 2/4","62.7","35.1","27.6","4.2","24.4","34",
"3604","나주시","2011. 3/4","62.4","36.4","26","4.6","24.7","33.1",
"3604","나주시","2011. 4/4","58.7","35.7","23.1","3.8","23.6","31.4",
"3604","나주시","2012. 1/4","56.2","33.4","22.8","3.6","22.6","29.9",
"3604","나주시","2012. 2/4","62.4","36","26.4","4.9","24.8","32.8",
"3604","나주시","2012. 3/4","59","33.6","25.4","4.4","22.8","31.8",
"3604","나주시","2012. 4/4","58.5","34.1","24.4","4.2","24.1","30.3",
"3606","광양시","2010. 4/4","78","51.8","26.2","8.3","45.4","24.3",
"3606","광양시","2011. 1/4","76.9","51.4","25.5","7.4","44.4","25.1",
"3606","광양시","2011. 2/4","79.1","51.7","27.4","7.8","46.3","25",
"3606","광양시","2011. 3/4","78.6","52.8","25.7","7.9","45.2","25.5",
"3606","광양시","2011. 4/4","82.4","56.4","26","8.8","47","26.6",
"3606","광양시","2012. 1/4","76.9","54","22.9","8.5","43.8","24.6",
"3606","광양시","2012. 2/4","78.1","53.4","24.7","8.6","43.2","26.2",
"3606","광양시","2012. 3/4","77.6","54","23.6","8.3","43.9","25.3",
"3606","광양시","2012. 4/4","77.4","53.6","23.9","8.2","43.7","25.5",
"3631","담양군","2010. 4/4","29.7","17.8","11.8","2.5","11.2","15.9",
"3631","담양군","2011. 1/4","31.7","17.5","14.3","3.4","11.5","16.8",
"3631","담양군","2011. 2/4","33.1","17.5","15.5","2.6","12.3","18.2",
"3631","담양군","2011. 3/4","33.8","17.3","16.5","2.3","11.7","19.7",
"3631","담양군","2011. 4/4","30","16.8","13.1","2.3","11.1","16.6",
"3631","담양군","2012. 1/4","30.3","17.5","12.8","2.8","10.2","17.3",
"3631","담양군","2012. 2/4","30.9","17","13.9","2.7","10","18.2",
"3631","담양군","2012. 3/4","32.1","17.7","14.3","2.5","11","18.5",
"3631","담양군","2012. 4/4","32.6","18.5","14.1","1.9","11.3","19.4",
"3632","곡성군","2010. 4/4","18.8","11","7.8","1.1","7.1","10.6",
"3632","곡성군","2011. 1/4","21.4","12.8","8.6","1.6","7.7","12.1",
"3632","곡성군","2011. 2/4","22.5","12.5","10","1.7","8.4","12.5",
"3632","곡성군","2011. 3/4","23.4","13","10.4","1.5","8.3","13.6",
"3632","곡성군","2011. 4/4","21.7","11.9","9.8","1.2","8","12.5",
"3632","곡성군","2012. 1/4","21.2","11.7","9.5","1.8","7.5","11.9",
"3632","곡성군","2012. 2/4","22.1","11.7","10.4","1.9","7.8","12.4",
"3632","곡성군","2012. 3/4","22.5","12.3","10.2","2.1","7.7","12.7",
"3632","곡성군","2012. 4/4","21.5","11.9","9.5","1.7","7.4","12.4",
"3633","구례군","2010. 4/4","15.4","8","7.4","1.2","5.2","9",
"3633","구례군","2011. 1/4","16","8.7","7.3",".9","5.5","9.5",
"3633","구례군","2011. 2/4","16.5","8.8","7.7","1.3","5.6","9.6",
"3633","구례군","2011. 3/4","16","8.5","7.5","1","5.3","9.6",
"3633","구례군","2011. 4/4","15.4","8.2","7.1","1.2","5","9.2",
"3633","구례군","2012. 1/4","15","8","7.1","1","4.7","9.3",
"3633","구례군","2012. 2/4","15.4","8.2","7.2","1","4.6","9.8",
"3633","구례군","2012. 3/4","15.6","8.7","6.9","1","4.7","9.9",
"3633","구례군","2012. 4/4","15.2","8.2","6.9","1.1","4.5","9.5",
"3635","고흥군","2010. 4/4","42.2","22.2","20.1","2.8","11.9","27.5",
"3635","고흥군","2011. 1/4","41.8","21.9","20","2.6","11.7","27.5",
"3635","고흥군","2011. 2/4","44.3","22.5","21.8","2.7","12","29.6",
"3635","고흥군","2011. 3/4","44","22.4","21.5","2.7","11.6","29.6",
"3635","고흥군","2011. 4/4","42.6","21.6","21","2.6","11.4","28.6",
"3635","고흥군","2012. 1/4","44","22.4","21.6","2.6","11.9","29.6",
"3635","고흥군","2012. 2/4","44.6","22.2","22.5","2.6","12.1","30",
"3635","고흥군","2012. 3/4","44.7","22.4","22.3","3.2","11.8","29.7",
"3635","고흥군","2012. 4/4","44.8","22.5","22.3","3.4","11.9","29.6",
"3636","보성군","2010. 4/4","27","13.6","13.4","1.8","8.5","16.6",
"3636","보성군","2011. 1/4","28.7","14.7","14","1.8","9.3","17.6",
"3636","보성군","2011. 2/4","29.4","14.7","14.7","2","9","18.4",
"3636","보성군","2011. 3/4","29.5","15","14.5","2.1","9.3","18.1",
"3636","보성군","2011. 4/4","29.6","15.6","14","2.2","10.1","17.3",
"3636","보성군","2012. 1/4","27","14.3","12.7","1.9","9.2","15.9",
"3636","보성군","2012. 2/4","27.3","14.7","12.7","1.6","9.5","16.2",
"3636","보성군","2012. 3/4","27.4","14.7","12.7","1.7","9.2","16.4",
"3636","보성군","2012. 4/4","26.1","14.1","12","1.2","9.2","15.7",
"3637","화순군","2010. 4/4","31.2","17","14.2","2.6","13.6","15",
"3637","화순군","2011. 1/4","34.1","18.2","15.9","3.1","13.1","17.9",
"3637","화순군","2011. 2/4","36.9","18","18.9","4.4","13.1","19.4",
"3637","화순군","2011. 3/4","36.1","18.1","17.9","3.6","13.1","19.4",
"3637","화순군","2011. 4/4","33.3","17","16.3","3.6","12.8","17",
"3637","화순군","2012. 1/4","32.2","17.2","15","2.8","12.8","16.6",
"3637","화순군","2012. 2/4","33.2","18.6","14.6","2.4","13","17.8",
"3637","화순군","2012. 3/4","36.1","20","16.1","3.8","13.9","18.3",
"3637","화순군","2012. 4/4","34.4","19.3","15.1","3.7","13.3","17.4",
"3638","장흥군","2010. 4/4","23","13.4","9.5","1.2","8.5","13.3",
"3638","장흥군","2011. 1/4","22.5","13","9.4","1.8","8.2","12.5",
"3638","장흥군","2011. 2/4","24.6","13.1","11.5","1.8","8.4","14.4",
"3638","장흥군","2011. 3/4","24.4","13.5","10.9","2.2","8.7","13.5",
"3638","장흥군","2011. 4/4","24.6","14","10.6","2.3","8.4","13.9",
"3638","장흥군","2012. 1/4","22.4","12.8","9.6","2.5","7.2","12.6",
"3638","장흥군","2012. 2/4","23.4","13.5","9.8","1.9","7.3","14.1",
"3638","장흥군","2012. 3/4","23.1","13.3","9.7","2.1","7.3","13.7",
"3638","장흥군","2012. 4/4","23.1","13.1","10","2","7.5","13.6",
"3639","강진군","2010. 4/4","20.8","11.1","9.7","1.6","7.3","11.9",
"3639","강진군","2011. 1/4","22.4","12.3","10.1","1.9","7.7","12.8",
"3639","강진군","2011. 2/4","23.8","13","10.8","2.2","7.8","13.8",
"3639","강진군","2011. 3/4","22.9","12.7","10.2","1.7","8","13.2",
"3639","강진군","2011. 4/4","21.4","12.5","8.9","1.9","7.8","11.7",
"3639","강진군","2012. 1/4","22.7","12.3","10.4","2.3","7.7","12.7",
"3639","강진군","2012. 2/4","24.6","13.2","11.5","2.6","7.8","14.3",
"3639","강진군","2012. 3/4","24","12.7","11.3","2.3","7.7","14",
"3639","강진군","2012. 4/4","22.1","12.2","9.8","1.9","7.5","12.6",
"3640","해남군","2010. 4/4","49","26","23","4.2","16.8","27.9",
"3640","해남군","2011. 1/4","46.3","25","21.3","3.6","15.3","27.4",
"3640","해남군","2011. 2/4","48.7","26","22.7","3.5","16.5","28.7",
"3640","해남군","2011. 3/4","48.5","25.8","22.6","3.5","15.8","29.1",
"3640","해남군","2011. 4/4","47.9","26.2","21.8","3.6","15.6","28.7",
"3640","해남군","2012. 1/4","47.8","26.7","21.1","4.5","16","27.3",
"3640","해남군","2012. 2/4","48","26.1","21.8","4.4","15.9","27.7",
"3640","해남군","2012. 3/4","47.9","26.3","21.6","4.2","15.7","28",
"3640","해남군","2012. 4/4","48.6","26.8","21.8","4.4","16.1","28.2",
"3641","영암군","2010. 4/4","52","37.9","14.1","6.3","26.5","19.2",
"3641","영암군","2011. 1/4","53.1","37.6","15.5","7.2","26.8","19.1",
"3641","영암군","2011. 2/4","55.3","38.2","17.1","7.5","27.5","20.3",
"3641","영암군","2011. 3/4","54.1","37","17.2","6.5","27.3","20.3",
"3641","영암군","2011. 4/4","53.9","39.8","14.1","8.3","27","18.7",
"3641","영암군","2012. 1/4","55.1","40.9","14.1","6.8","28.6","19.7",
"3641","영암군","2012. 2/4","55.6","40","15.6","7.5","28.7","19.4",
"3641","영암군","2012. 3/4","54.6","38.8","15.8","6.5","28","20.1",
"3641","영암군","2012. 4/4","53.1","39.1","14.1","6.2","27.9","19",
"3642","무안군","2010. 4/4","36.8","20.6","16.2","3.1","15","18.7",
"3642","무안군","2011. 1/4","39.9","22.2","17.7","3.4","16.3","20.1",
"3642","무안군","2011. 2/4","41.5","21.8","19.8","3.9","15.8","21.8",
"3642","무안군","2011. 3/4","40.4","21.6","18.8","3.5","15.4","21.5",
"3642","무안군","2011. 4/4","39.5","21.5","18.1","3.4","15","21.1",
"3642","무안군","2012. 1/4","38.7","21.2","17.4","3.1","13.7","21.8",
"3642","무안군","2012. 2/4","39.3","20.3","19","3.1","13.2","22.9",
"3642","무안군","2012. 3/4","38.2","20.5","17.6","3","13.8","21.4",
"3642","무안군","2012. 4/4","37.9","20.9","17","2.1","14.1","21.6",
"3643","함평군","2010. 4/4","24.8","14","10.8","2.3","8.8","13.7",
"3643","함평군","2011. 1/4","23.4","12.8","10.6","1.6","8.7","13.1",
"3643","함평군","2011. 2/4","25.7","14.2","11.5","2.2","9.8","13.7",
"3643","함평군","2011. 3/4","26.1","14.4","11.6","2","10.5","13.6",
"3643","함평군","2011. 4/4","23.2","13","10.2","1.8","8.6","12.9",
"3643","함평군","2012. 1/4","22.8","12.6","10.3","1.2","8.6","13",
"3643","함평군","2012. 2/4","22.2","11.9","10.3","1.5","7.2","13.6",
"3643","함평군","2012. 3/4","22.9","12.6","10.3","1.6","7.8","13.6",
"3643","함평군","2012. 4/4","22","12.2","9.8","1.6","7.1","13.3",
"3644","영광군","2010. 4/4","32","19.2","12.7","1.9","12.1","18",
"3644","영광군","2011. 1/4","31.4","18.6","12.8","2","12","17.5",
"3644","영광군","2011. 2/4","34.7","20.1","14.6","2.7","13","19",
"3644","영광군","2011. 3/4","33.7","19","14.7","2","12.8","18.9",
"3644","영광군","2011. 4/4","29.6","16.7","13","1.9","11.1","16.6",
"3644","영광군","2012. 1/4","30.9","18.2","12.7","1.9","12.6","16.4",
"3644","영광군","2012. 2/4","32.4","18.9","13.5","2","13.2","17.2",
"3644","영광군","2012. 3/4","33.6","19.5","14.1","2","13.6","18",
"3644","영광군","2012. 4/4","32.5","19.1","13.4","2.2","12.9","17.4",
"3645","장성군","2010. 4/4","30.6","18.6","12","1.7","14.3","14.7",
"3645","장성군","2011. 1/4","30.2","17.6","12.6","2","13.1","15.1",
"3645","장성군","2011. 2/4","31.8","18.2","13.6","2.3","12.6","16.9",
"3645","장성군","2011. 3/4","31.7","18.3","13.4","3.5","11.8","16.5",
"3645","장성군","2011. 4/4","32.3","19.4","12.8","3.3","13.6","15.4",
"3645","장성군","2012. 1/4","29.3","18.5","10.8","2.2","11.8","15.3",
"3645","장성군","2012. 2/4","32","19.8","12.2","2.3","13.1","16.5",
"3645","장성군","2012. 3/4","31.2","18.1","13","3","11.6","16.6",
"3645","장성군","2012. 4/4","31.2","18.3","12.8","3.8","10.7","16.7",
"3646","완도군","2010. 4/4","30.7","16.9","13.8","2.5","9.8","18.4",
"3646","완도군","2011. 1/4","32.4","18","14.4","3","10.5","18.9",
"3646","완도군","2011. 2/4","31.6","17.8","13.8","3","10.6","18.1",
"3646","완도군","2011. 3/4","29.8","16.4","13.3","2.4","10.1","17.2",
"3646","완도군","2011. 4/4","29.8","17","12.8","2.6","10.4","16.8",
"3646","완도군","2012. 1/4","29.1","16.4","12.7","1.9","9.8","17.4",
"3646","완도군","2012. 2/4","29.1","16.3","12.8","2.2","10","17",
"3646","완도군","2012. 3/4","28.8","16.2","12.6","1.9","9.9","16.9",
"3646","완도군","2012. 4/4","29","16.4","12.5","2.2","9.8","17",
"3647","진도군","2010. 4/4","19.7","10.5","9.2","1.5","5.9","12.4",
"3647","진도군","2011. 1/4","20.4","10.8","9.6","1.7","6.3","12.4",
"3647","진도군","2011. 2/4","20.3","10.6","9.7","1.8","6.1","12.4",
"3647","진도군","2011. 3/4","19.9","10.4","9.5","1.6","5.9","12.3",
"3647","진도군","2011. 4/4","19.9","10.5","9.4","1.8","5.9","12.1",
"3647","진도군","2012. 1/4","19.1","10.4","8.7","1.4","6.2","11.6",
"3647","진도군","2012. 2/4","19.1","10.5","8.6","1.2","6.1","11.8",
"3647","진도군","2012. 3/4","19.1","10.4","8.7","1.3","5.9","12",
"3647","진도군","2012. 4/4","19.3","10.5","8.8","1.2","6","12.1",
"3648","신안군","2010. 4/4","26.5","14.4","12.1","1.5","7.8","17.1",
"3648","신안군","2011. 1/4","27","14.9","12","2.1","7.3","17.5",
"3648","신안군","2011. 2/4","28","15","12.9","2.3","7.6","18.1",
"3648","신안군","2011. 3/4","27.8","15.2","12.7","2","7.9","17.9",
"3648","신안군","2011. 4/4","26.9","14.3","12.6","1.6","7.6","17.8",
"3648","신안군","2012. 1/4","25.9","13.9","12","1.7","7.3","16.9",
"3648","신안군","2012. 2/4","27.8","15","12.8","2.1","7.8","17.9",
"3648","신안군","2012. 3/4","27.2","14.5","12.6","1.9","7.7","17.5",
"3648","신안군","2012. 4/4","26.6","14.7","11.9","1.7","7.9","17",
"3701","포항시","2010. 4/4","233.3","146.3","87","31.7","120.2","81.4",
"3701","포항시","2011. 1/4","231.1","144.8","86.3","29.7","114.9","86.6",
"3701","포항시","2011. 2/4","235.4","144.7","90.7","30.8","115.3","89.2",
"3701","포항시","2011. 3/4","234.4","143.6","90.8","29.1","115.9","89.4",
"3701","포항시","2011. 4/4","233.9","148.2","85.8","32.1","115.7","86.2",
"3701","포항시","2012. 1/4","243.7","150.4","93.3","34.8","115.8","93.1",
"3701","포항시","2012. 2/4","249","153.4","95.6","33.9","118","97.1",
"3701","포항시","2012. 3/4","252.6","155.9","96.7","33.1","121","98.5",
"3701","포항시","2012. 4/4","248.6","157.1","91.6","32","122.1","94.6",
"3702","경주시","2010. 4/4","146","90","56","18.3","70.7","57.1",
"3702","경주시","2011. 1/4","154.2","92.3","61.8","18.7","73.2","62.2",
"3702","경주시","2011. 2/4","161.8","96.1","65.7","20.7","76.8","64.3",
"3702","경주시","2011. 3/4","156.3","94.4","61.9","19.8","74.1","62.4",
"3702","경주시","2011. 4/4","152","93.3","58.6","19.1","72.9","60",
"3702","경주시","2012. 1/4","145.3","86.3","59","17.9","68","59.5",
"3702","경주시","2012. 2/4","152.8","91.8","61.1","20","69.2","63.6",
"3702","경주시","2012. 3/4","153.2","90.7","62.5","19.9","70.1","63.2",
"3702","경주시","2012. 4/4","146.4","89","57.4","17.3","67.7","61.4",
"3703","김천시","2010. 4/4","68.8","41.4","27.4","9.3","28.3","31.2",
"3703","김천시","2011. 1/4","67.5","38.3","29.2","8.1","26.8","32.6",
"3703","김천시","2011. 2/4","71.3","38.9","32.4","8.5","27.6","35.2",
"3703","김천시","2011. 3/4","69.7","37.8","31.9","7.6","27.5","34.5",
"3703","김천시","2011. 4/4","73.2","40.9","32.3","7.4","29.5","36.4",
"3703","김천시","2012. 1/4","67.4","38.3","29.1","6.5","27.4","33.5",
"3703","김천시","2012. 2/4","70.4","40","30.5","6.6","27.7","36.1",
"3703","김천시","2012. 3/4","69.7","38.6","31","5.7","27.7","36.3",
"3703","김천시","2012. 4/4","68.7","39.4","29.3","5.1","27.6","36",
"3704","안동시","2010. 4/4","76.2","42.5","33.7","8.7","31.1","36.4",
"3704","안동시","2011. 1/4","76.6","41.2","35.4","7.6","29.8","39.3",
"3704","안동시","2011. 2/4","83.9","44.2","39.8","8.2","32.5","43.2",
"3704","안동시","2011. 3/4","82.7","44.6","38.1","7.2","32.4","43.2",
"3704","안동시","2011. 4/4","80.9","45.8","35.1","8.2","32.2","40.5",
"3704","안동시","2012. 1/4","80.8","47","33.8","7.5","34.8","38.5",
"3704","안동시","2012. 2/4","85","48.3","36.7","7.7","36.1","41.2",
"3704","안동시","2012. 3/4","84.4","46","38.4","7.8","34.8","41.9",
"3704","안동시","2012. 4/4","81.9","45.9","35.9","7.6","35.1","39.2",
"3705","구미시","2010. 4/4","216.5","142.8","73.7","38.8","129.1","48.7",
"3705","구미시","2011. 1/4","222.3","145.7","76.6","41.1","130.4","50.7",
"3705","구미시","2011. 2/4","230.9","150.7","80.1","42.8","133.6","54.5",
"3705","구미시","2011. 3/4","230.8","149","81.8","44.7","132.3","53.8",
"3705","구미시","2011. 4/4","223.2","144.9","78.3","40","131.5","51.6",
"3705","구미시","2012. 1/4","235.9","148.5","87.3","43.7","135.8","56.3",
"3705","구미시","2012. 2/4","242.2","151.5","90.8","45.6","139.2","57.4",
"3705","구미시","2012. 3/4","238.3","148.4","89.9","44.8","133.9","59.6",
"3705","구미시","2012. 4/4","236.8","149.7","87","46.1","130.9","59.8",
"3706","영주시","2010. 4/4","49.9","29.4","20.5","4.6","21.5","23.9",
"3706","영주시","2011. 1/4","51.6","31","20.7","6","22.5","23.1",
"3706","영주시","2011. 2/4","53.2","30.9","22.3","5.1","21.4","26.7",
"3706","영주시","2011. 3/4","53.3","30.7","22.6","4.9","21.5","26.9",
"3706","영주시","2011. 4/4","49.9","30.3","19.6","5.3","20.6","24",
"3706","영주시","2012. 1/4","50.3","30.2","20.1","5","20.6","24.7",
"3706","영주시","2012. 2/4","53.7","31.3","22.4","4.6","22","27",
"3706","영주시","2012. 3/4","54.7","32.1","22.6","4.9","21.8","28",
"3706","영주시","2012. 4/4","52.3","31.2","21.1","4.6","21.4","26.3",
"3707","영천시","2010. 4/4","59.7","35.5","24.2","7.3","25.2","27.2",
"3707","영천시","2011. 1/4","61.3","36","25.3","6.5","25.2","29.7",
"3707","영천시","2011. 2/4","65.3","38.3","27","6.6","26.7","32",
"3707","영천시","2011. 3/4","64.8","38.4","26.5","6.4","26.7","31.7",
"3707","영천시","2011. 4/4","63.1","38.8","24.3","6","26.9","30.1",
"3707","영천시","2012. 1/4","62","38.3","23.7","6.5","24.8","30.6",
"3707","영천시","2012. 2/4","64.9","37.8","27.2","6.8","24.8","33.4",
"3707","영천시","2012. 3/4","63.2","36.9","26.3","6","23.8","33.4",
"3707","영천시","2012. 4/4","64.3","40.1","24.2","6.3","25.6","32.4",
"3708","상주시","2010. 4/4","49","27.9","21.1","4.5","19.7","24.8",
"3708","상주시","2011. 1/4","54.4","30.5","23.9","5.6","19.9","28.9",
"3708","상주시","2011. 2/4","59","31.7","27.3","4.9","20.2","33.9",
"3708","상주시","2011. 3/4","55","30.7","24.3","4.2","19.2","31.5",
"3708","상주시","2011. 4/4","48.7","27.9","20.8","4.2","17.8","26.7",
"3708","상주시","2012. 1/4","51.7","29.4","22.3","3.8","19.9","28",
"3708","상주시","2012. 2/4","57.3","30.9","26.3","4.2","20.7","32.4",
"3708","상주시","2012. 3/4","55.2","29.9","25.3","4.3","20.1","30.8",
"3708","상주시","2012. 4/4","44.2","24.5","19.6","4","18.4","21.7",
"3709","문경시","2010. 4/4","30.1","17.4","12.6","3.5","12.9","13.7",
"3709","문경시","2011. 1/4","33.2","18.7","14.5","3.3","13.7","16.3",
"3709","문경시","2011. 2/4","37.6","20.2","17.4","3.6","13.9","20.1",
"3709","문경시","2011. 3/4","37.3","20.4","16.8","3.4","14.8","19.1",
"3709","문경시","2011. 4/4","31.6","18.5","13.1","3.3","13.5","14.8",
"3709","문경시","2012. 1/4","33.9","19.1","14.8","3.4","12.5","18",
"3709","문경시","2012. 2/4","35.4","20.4","15.1","3","13","19.4",
"3709","문경시","2012. 3/4","36.2","20.2","16","3.3","13","20",
"3709","문경시","2012. 4/4","29.3","16.9","12.4","2.7","11.9","14.7",
"3710","경산시","2010. 4/4","112.8","67.2","45.6","14.3","60.7","37.8",
"3710","경산시","2011. 1/4","118.4","67","51.5","16.1","60.7","41.6",
"3710","경산시","2011. 2/4","121","69.6","51.5","18","58.4","44.6",
"3710","경산시","2011. 3/4","125.1","72.4","52.6","17.2","63.7","44.1",
"3710","경산시","2011. 4/4","122.9","72.9","49.9","18","62","42.8",
"3710","경산시","2012. 1/4","119.9","71.4","48.5","16.7","60.7","42.5",
"3710","경산시","2012. 2/4","131","79.6","51.4","20.7","62.7","47.6",
"3710","경산시","2012. 3/4","130.2","79.1","51.1","16","65.3","49",
"3710","경산시","2012. 4/4","125.8","77","48.7","15.6","63","47.1",
"3731","군위군","2010. 4/4","15.3","9.4","5.9","1","4.8","9.5",
"3731","군위군","2011. 1/4","15.3","8.8","6.5","1.1","4.6","9.6",
"3731","군위군","2011. 2/4","17.1","9.6","7.4","1.5","4.7","10.8",
"3731","군위군","2011. 3/4","16.4","9.3","7.1","1.3","4.8","10.4",
"3731","군위군","2011. 4/4","14.6","8.7","5.9","1.1","4.5","9",
"3731","군위군","2012. 1/4","16.6","10.1","6.5","1.2","5.6","9.8",
"3731","군위군","2012. 2/4","17.9","10.3","7.7","1.1","6.1","10.8",
"3731","군위군","2012. 3/4","17.5","9.9","7.6",".9","5.7","10.9",
"3731","군위군","2012. 4/4","16.6","9.9","6.7",".9","6.1","9.6",
"3732","의성군","2010. 4/4","34.9","19.5","15.4","2.4","9.5","22.9",
"3732","의성군","2011. 1/4","35.1","19.6","15.4","3.1","9.3","22.7",
"3732","의성군","2011. 2/4","37.7","19.9","17.8","2.7","9.6","25.3",
"3732","의성군","2011. 3/4","36.1","19.9","16.3","2.5","9.5","24.1",
"3732","의성군","2011. 4/4","35.7","20.4","15.3","3.3","9.2","23.2",
"3732","의성군","2012. 1/4","38.1","20.7","17.4","3","10.8","24.4",
"3732","의성군","2012. 2/4","40.4","21.1","19.3","3","10.9","26.6",
"3732","의성군","2012. 3/4","40.8","21.3","19.5","2.7","11.8","26.4",
"3732","의성군","2012. 4/4","38.3","20.7","17.6","2.6","10.9","24.8",
"3733","청송군","2010. 4/4","16.8","9.9","6.9","1.3","5.6","9.9",
"3733","청송군","2011. 1/4","16.2","9.5","6.6","1.4","5.6","9.1",
"3733","청송군","2011. 2/4","17.8","10.2","7.6",".9","5.9","11",
"3733","청송군","2011. 3/4","17.8","10.3","7.5","1.1","5.8","11",
"3733","청송군","2011. 4/4","16.6","9.8","6.8",".7","5.7","10.3",
"3733","청송군","2012. 1/4","17.8","10.4","7.4","1.3","5.9","10.6",
"3733","청송군","2012. 2/4","18.2","9.9","8.3","1.2","5.4","11.6",
"3733","청송군","2012. 3/4","18.3","10","8.3","1.1","5.3","12",
"3733","청송군","2012. 4/4","17.5","9.8","7.6","1.2","5.1","11.2",
"3734","영양군","2010. 4/4","10.1","5.6","4.4",".7","3.3","6.1",
"3734","영양군","2011. 1/4","10.7","5.8","4.9",".5","3.4","6.7",
"3734","영양군","2011. 2/4","11.1","6.1","5",".9","3.3","6.9",
"3734","영양군","2011. 3/4","11.3","6.1","5.2",".7","3.5","7.2",
"3734","영양군","2011. 4/4","10.4","6","4.4",".5","3.5","6.4",
"3734","영양군","2012. 1/4","9.8","5.4","4.4",".5","3","6.2",
"3734","영양군","2012. 2/4","10.5","5.7","4.9",".7","3.1","6.7",
"3734","영양군","2012. 3/4","11.3","5.9","5.4",".6","3.3","7.3",
"3734","영양군","2012. 4/4","9.7","5.3","4.4",".5","2.8","6.4",
"3735","영덕군","2010. 4/4","19.7","11.3","8.4","1.7","6.9","11.1",
"3735","영덕군","2011. 1/4","20.6","11.7","8.8","1.7","7.2","11.6",
"3735","영덕군","2011. 2/4","21.3","11.7","9.6","1.7","7.3","12.4",
"3735","영덕군","2011. 3/4","21.1","11.8","9.4","1.5","7.2","12.4",
"3735","영덕군","2011. 4/4","20.2","11.9","8.2","1.6","7.4","11.2",
"3735","영덕군","2012. 1/4","20.4","11.8","8.7","1.3","7.2","11.9",
"3735","영덕군","2012. 2/4","21.3","11.9","9.5","1.5","7.2","12.6",
"3735","영덕군","2012. 3/4","21.2","11.5","9.8","1.4","6.9","13",
"3735","영덕군","2012. 4/4","19.9","11.5","8.5","1.3","6.9","11.8",
"3736","청도군","2010. 4/4","29.6","16","13.7","2.3","9.8","17.5",
"3736","청도군","2011. 1/4","31.4","17.9","13.5","2.1","11.1","18.2",
"3736","청도군","2011. 2/4","29.4","15.8","13.6","1.7","9.7","18",
"3736","청도군","2011. 3/4","30.2","15.9","14.3","1.9","10.2","18.1",
"3736","청도군","2011. 4/4","29.9","16.9","13","1.9","10.7","17.4",
"3736","청도군","2012. 1/4","29","14.3","14.6","2.6","9.2","17.2",
"3736","청도군","2012. 2/4","29.5","15.2","14.3","2.4","9.9","17.2",
"3736","청도군","2012. 3/4","30.7","15.6","15","2.5","9.4","18.7",
"3736","청도군","2012. 4/4","28.9","15.3","13.6","2.6","8.9","17.4",
"3737","고령군","2010. 4/4","26.9","17.6","9.2","2.2","13","11.7",
"3737","고령군","2011. 1/4","23.9","15.1","8.7","2","9.6","12.2",
"3737","고령군","2011. 2/4","27.6","16.7","10.8","1.6","11.2","14.8",
"3737","고령군","2011. 3/4","25.5","15.9","9.6","1.9","10.5","13",
"3737","고령군","2011. 4/4","25.7","16.2","9.5","3.1","11.3","11.3",
"3737","고령군","2012. 1/4","24.7","16.5","8.2","1.4","12.1","11.3",
"3737","고령군","2012. 2/4","27.6","17.4","10.2","1.7","12.9","12.9",
"3737","고령군","2012. 3/4","27.6","17.4","10.2","1.8","11.4","14.4",
"3737","고령군","2012. 4/4","27","18","9","2.3","13.1","11.7",
"3738","성주군","2010. 4/4","31.6","17.9","13.7","2.6","12","17.1",
"3738","성주군","2011. 1/4","30.3","17.6","12.8","3","11.5","15.8",
"3738","성주군","2011. 2/4","31.6","18.5","13.1","3.2","11.7","16.6",
"3738","성주군","2011. 3/4","29.4","17.8","11.6","3","10.2","16.2",
"3738","성주군","2011. 4/4","30.1","17.6","12.4","3","10.4","16.8",
"3738","성주군","2012. 1/4","32","19.3","12.8","2.6","11.6","17.8",
"3738","성주군","2012. 2/4","32.5","18.9","13.6","2.5","11.8","18.3",
"3738","성주군","2012. 3/4","31.3","18.5","12.9","2.2","11.8","17.3",
"3738","성주군","2012. 4/4","30.4","18.7","11.7","1.8","11.8","16.8",
"3739","칠곡군","2010. 4/4","55.5","35.8","19.7","6.4","30.7","18.3",
"3739","칠곡군","2011. 1/4","52.5","32.1","20.4","6.4","27.7","18.3",
"3739","칠곡군","2011. 2/4","50.7","30.2","20.5","4.4","28.8","17.5",
"3739","칠곡군","2011. 3/4","52.4","31.6","20.8","4.9","30.2","17.4",
"3739","칠곡군","2011. 4/4","50.9","29.8","21.1","5.1","28.6","17.2",
"3739","칠곡군","2012. 1/4","62","37.9","24.2","7.6","32.7","21.7",
"3739","칠곡군","2012. 2/4","58.7","35.7","23","5.6","31.4","21.7",
"3739","칠곡군","2012. 3/4","65.2","41.2","24.1","6.8","34.7","23.7",
"3739","칠곡군","2012. 4/4","63.6","40.6","23","6.6","33.9","23",
"3740","예천군","2010. 4/4","25.3","14.5","10.8","1.9","8.2","15.2",
"3740","예천군","2011. 1/4","26.9","15","12","1.6","8.3","17.1",
"3740","예천군","2011. 2/4","28.2","14.8","13.4","1.7","8.2","18.4",
"3740","예천군","2011. 3/4","27.6","14.9","12.7","1.7","7.7","18.2",
"3740","예천군","2011. 4/4","23.9","13.7","10.2","1.2","7.9","14.7",
"3740","예천군","2012. 1/4","23.5","13.7","9.8","1.6","7","14.9",
"3740","예천군","2012. 2/4","25.9","14.2","11.7","1.9","7.3","16.7",
"3740","예천군","2012. 3/4","25.5","14","11.5","1.8","6.8","17",
"3740","예천군","2012. 4/4","21.5","12.3","9.2","1.5","6.7","13.2",
"3741","봉화군","2010. 4/4","18.2","10.6","7.7","1.2","6.2","10.8",
"3741","봉화군","2011. 1/4","19.4","10.7","8.7","1.1","6.4","11.9",
"3741","봉화군","2011. 2/4","21.3","11.7","9.6","1.3","6.8","13.1",
"3741","봉화군","2011. 3/4","20.6","11.5","9.1","1.2","6.9","12.6",
"3741","봉화군","2011. 4/4","18.6","10.9","7.7",".6","6.3","11.7",
"3741","봉화군","2012. 1/4","19.4","11.4","7.9","1","6","12.4",
"3741","봉화군","2012. 2/4","21.2","11.6","9.5","1.3","6.2","13.7",
"3741","봉화군","2012. 3/4","21.7","11.8","10","1.1","6.6","14",
"3741","봉화군","2012. 4/4","19.7","11.4","8.3","1.1","6.1","12.5",
"3742","울진군","2010. 4/4","25.6","16.1","9.5","2.4","10.6","12.5",
"3742","울진군","2011. 1/4","25.4","15.4","10.1","2.9","10.1","12.5",
"3742","울진군","2011. 2/4","26.3","15.6","10.8","2.7","10.3","13.4",
"3742","울진군","2011. 3/4","26.7","15.8","10.9","2.6","10.4","13.8",
"3742","울진군","2011. 4/4","26.4","16.7","9.7","2.6","11.3","12.4",
"3742","울진군","2012. 1/4","27.2","16.2","10.9","2.5","11.4","13.3",
"3742","울진군","2012. 2/4","26.5","15.4","11.2","2.1","11.2","13.2",
"3742","울진군","2012. 3/4","27.4","16.3","11.1","2.3","11.3","13.8",
"3742","울진군","2012. 4/4","26.5","15.9","10.7","2.4","11.5","12.6",
"3743","울릉군","2010. 4/4","5.5","3.3","2.2",".6","2.4","2.5",
"3743","울릉군","2011. 1/4","5.3","3.2","2.1",".6","2.3","2.5",
"3743","울릉군","2011. 2/4","6.1","3.4","2.6",".7","2.3","3",
"3743","울릉군","2011. 3/4","5.8","3.4","2.4",".9","2.4","2.4",
"3743","울릉군","2011. 4/4","5.8","3.5","2.3",".7","2.3","2.7",
"3743","울릉군","2012. 1/4","5.7","3.5","2.2",".7","2.3","2.8",
"3743","울릉군","2012. 2/4","6","3.5","2.6",".7","2.3","3",
"3743","울릉군","2012. 3/4","6.4","3.8","2.6",".6","2.7","3.1",
"3743","울릉군","2012. 4/4","5.6","3.4","2.2",".6","2.3","2.7",
"3811","창원시","2010. 4/4","492.4","307.9","184.5","73.4","275.7","143.2",
"3811","창원시","2011. 1/4","493.3","305.3","188","76.1","268.3","148.9",
"3811","창원시","2011. 2/4","500.9","310.3","190.7","75.7","268.3","156.9",
"3811","창원시","2011. 3/4","495.5","303.2","192.3","70.8","272.3","152.4",
"3811","창원시","2011. 4/4","508.9","314.1","194.7","71.5","277.3","160.1",
"3811","창원시","2012. 1/4","494","304.5","189.5","72.1","258.6","163.3",
"3811","창원시","2012. 2/4","502.2","310","192.2","66.4","268.9","166.9",
"3811","창원시","2012. 3/4","506.1","312.2","193.8","70.6","272","163.5",
"3811","창원시","2012. 4/4","507.4","318.1","189.3","69.5","269.1","168.8",
"3803","진주시","2010. 4/4","139.8","75.2","64.6","19.7","70.1","50.1",
"3803","진주시","2011. 1/4","150.3","80.8","69.5","20.7","72.5","57",
"3803","진주시","2011. 2/4","149","78.9","70.1","20.1","70.7","58.2",
"3803","진주시","2011. 3/4","142.9","76.3","66.5","18.2","67","57.6",
"3803","진주시","2011. 4/4","141.9","76.4","65.4","17.5","69.7","54.6",
"3803","진주시","2012. 1/4","145.2","80.5","64.6","19.2","70.5","55.5",
"3803","진주시","2012. 2/4","150.8","83.1","67.7","19.5","72.1","59.1",
"3803","진주시","2012. 3/4","144","78.1","65.9","15.3","68.7","59.9",
"3803","진주시","2012. 4/4","143","78.8","64.2","15.6","69.4","57.9",
"3805","통영시","2010. 4/4","57.7","37.2","20.5","7.4","29.9","20.4",
"3805","통영시","2011. 1/4","62.9","40.3","22.6","8.6","32.1","22.2",
"3805","통영시","2011. 2/4","58.8","36.4","22.4","7","29","22.8",
"3805","통영시","2011. 3/4","59.8","37","22.8","7.3","29.8","22.7",
"3805","통영시","2011. 4/4","60.9","37.3","23.5","7.7","30.4","22.8",
"3805","통영시","2012. 1/4","62","36.8","25.2","6.2","31.1","24.7",
"3805","통영시","2012. 2/4","60.8","36.8","24.1","6.7","30.1","24",
"3805","통영시","2012. 3/4","61.1","37.7","23.4","6.4","30.1","24.6",
"3805","통영시","2012. 4/4","61.6","36.8","24.8","6.3","30.5","24.8",
"3806","사천시","2010. 4/4","57.3","34.7","22.6","6.2","27.4","23.7",
"3806","사천시","2011. 1/4","57.5","33.9","23.5","6.6","26.9","24",
"3806","사천시","2011. 2/4","61.6","37.4","24.2","7","28.5","26.1",
"3806","사천시","2011. 3/4","62.3","38.6","23.7","6.8","29.9","25.6",
"3806","사천시","2011. 4/4","62.7","38.7","24","6.9","29.7","26",
"3806","사천시","2012. 1/4","60.1","37.6","22.5","6.4","29.2","24.4",
"3806","사천시","2012. 2/4","60.9","37.9","23","7","29.3","24.6",
"3806","사천시","2012. 3/4","61.3","38.2","23.2","6.5","29.6","25.2",
"3806","사천시","2012. 4/4","58.7","36.1","22.6","5.7","29.3","23.7",
"3807","김해시","2010. 4/4","225.5","145.2","80.3","27.2","135.4","62.8",
"3807","김해시","2011. 1/4","239","150.5","88.5","31.8","140.4","66.7",
"3807","김해시","2011. 2/4","243.5","151.6","91.8","34.4","141.4","67.6",
"3807","김해시","2011. 3/4","234.6","147.2","87.4","28.3","139.3","67",
"3807","김해시","2011. 4/4","235.2","147.1","88.1","31.2","138.5","65.5",
"3807","김해시","2012. 1/4","224","145.7","78.3","26.6","133.9","63.5",
"3807","김해시","2012. 2/4","246","157.8","88.2","30.8","141.5","73.7",
"3807","김해시","2012. 3/4","252.1","159.3","92.8","27.5","145.8","78.8",
"3807","김해시","2012. 4/4","254.4","163.2","91.2","27.5","146","80.9",
"3808","밀양시","2010. 4/4","56","31","25","5","22.5","28.5",
"3808","밀양시","2011. 1/4","58.6","31.6","27","6.7","22.4","29.4",
"3808","밀양시","2011. 2/4","59.9","33.1","26.8","6.2","22.6","31.1",
"3808","밀양시","2011. 3/4","57.4","31.7","25.8","5","22.2","30.2",
"3808","밀양시","2011. 4/4","56.6","32.2","24.4","5.5","22.3","28.8",
"3808","밀양시","2012. 1/4","54.4","30.7","23.6","5.1","22.5","26.8",
"3808","밀양시","2012. 2/4","55.8","32","23.9","5.2","23.3","27.3",
"3808","밀양시","2012. 3/4","55.7","31.3","24.4","5","22.5","28.2",
"3808","밀양시","2012. 4/4","56.2","32.2","24","5.3","23.1","27.7",
"3809","거제시","2010. 4/4","115.7","85.3","30.4","20","66.8","28.9",
"3809","거제시","2011. 1/4","119","84.7","34.3","19.5","67","32.5",
"3809","거제시","2011. 2/4","120.3","85.3","35","18.9","67.3","34.1",
"3809","거제시","2011. 3/4","121.6","86.1","35.5","19.5","68.5","33.5",
"3809","거제시","2011. 4/4","123.6","87.3","36.3","20.1","70.3","33.2",
"3809","거제시","2012. 1/4","127.4","91.5","35.9","21.7","71.9","33.8",
"3809","거제시","2012. 2/4","126.6","90.4","36.2","20.8","71.5","34.3",
"3809","거제시","2012. 3/4","127.6","90.8","36.8","21.5","72","34.2",
"3809","거제시","2012. 4/4","131.4","93.8","37.5","21.8","73.5","36",
"3810","양산시","2010. 4/4","122.9","80.7","42.2","16.8","71.5","34.6",
"3810","양산시","2011. 1/4","128","81.9","46.1","15.8","73.2","39",
"3810","양산시","2011. 2/4","131.2","82.6","48.6","16.4","76.7","38",
"3810","양산시","2011. 3/4","124.2","77.4","46.7","15.3","71.5","37.3",
"3810","양산시","2011. 4/4","131","83.4","47.7","15.4","75.2","40.4",
"3810","양산시","2012. 1/4","127.8","81.8","45.9","17.3","72.6","37.9",
"3810","양산시","2012. 2/4","131.2","83.3","47.8","18","71.7","41.5",
"3810","양산시","2012. 3/4","134.2","85.3","48.9","16.9","76.4","40.9",
"3810","양산시","2012. 4/4","132.3","84.8","47.5","17.2","74.7","40.4",
"3831","의령군","2010. 4/4","19.2","10.8","8.4","2.1","6.4","10.8",
"3831","의령군","2011. 1/4","19.1","10.4","8.7","2","6.5","10.6",
"3831","의령군","2011. 2/4","19.6","10.3","9.3","1.9","7","10.6",
"3831","의령군","2011. 3/4","18.2","9.7","8.5","1.8","5.9","10.5",
"3831","의령군","2011. 4/4","18.9","10","9","1.9","6.2","10.8",
"3831","의령군","2012. 1/4","18.5","10.4","8.1","2","6.2","10.3",
"3831","의령군","2012. 2/4","18.8","10.3","8.5","1.8","6.2","10.7",
"3831","의령군","2012. 3/4","18.4","10.2","8.3","1.7","6.1","10.6",
"3831","의령군","2012. 4/4","18","9.9","8.1","1.4","6.1","10.5",
"3832","함안군","2010. 4/4","43.9","30","13.9","4.5","21","18.3",
"3832","함안군","2011. 1/4","51.2","35.1","16.1","6","25.2","20",
"3832","함안군","2011. 2/4","47","30.9","16","4","22.4","20.6",
"3832","함안군","2011. 3/4","46.5","29.8","16.7","4.7","21.8","20",
"3832","함안군","2011. 4/4","46.2","30.7","15.5","5.4","21.4","19.5",
"3832","함안군","2012. 1/4","51.5","34.9","16.6","6","25.7","19.8",
"3832","함안군","2012. 2/4","50.1","33.4","16.7","6","23.4","20.8",
"3832","함안군","2012. 3/4","48.6","32.4","16.2","5.3","22","21.3",
"3832","함안군","2012. 4/4","45.9","30.5","15.4","4.9","21","20",
"3833","창녕군","2010. 4/4","34.2","19.4","14.8","3.3","12.5","18.5",
"3833","창녕군","2011. 1/4","37.1","20.8","16.3","2.9","13.7","20.6",
"3833","창녕군","2011. 2/4","39.2","21.8","17.4","3.8","14.5","21",
"3833","창녕군","2011. 3/4","35.6","18.9","16.7","2.5","12.5","20.6",
"3833","창녕군","2011. 4/4","35.6","20.5","15.1","3.1","13.4","19.2",
"3833","창녕군","2012. 1/4","34.1","20.1","13.9","3","12.2","18.9",
"3833","창녕군","2012. 2/4","35.4","20","15.5","3","12.8","19.7",
"3833","창녕군","2012. 3/4","35.5","20.6","14.9","3.2","13.1","19.2",
"3833","창녕군","2012. 4/4","33.3","20","13.3","3.2","12.1","18",
"3834","고성군","2010. 4/4","34","22.4","11.7","3.7","14","16.4",
"3834","고성군","2011. 1/4","34.3","21.3","13","3.1","14.5","16.7",
"3834","고성군","2011. 2/4","37.3","23","14.3","4.6","15.4","17.3",
"3834","고성군","2011. 3/4","34.9","21.4","13.5","3.9","13.4","17.6",
"3834","고성군","2011. 4/4","34","22","12","4.2","14","15.8",
"3834","고성군","2012. 1/4","35.2","22","13.2","3.4","15.6","16.2",
"3834","고성군","2012. 2/4","36","22.1","13.9","4","15","17.1",
"3834","고성군","2012. 3/4","36.6","22","14.5","3.7","15.3","17.6",
"3834","고성군","2012. 4/4","35.5","21.9","13.6","3.5","14.9","17",
"3835","남해군","2010. 4/4","29.3","14.9","14.4","1.8","9.5","18",
"3835","남해군","2011. 1/4","28.5","14.7","13.8","2.2","9.2","17.1",
"3835","남해군","2011. 2/4","31.3","16.2","15.1","2.5","9.9","18.9",
"3835","남해군","2011. 3/4","30.4","15.2","15.2","2","9.9","18.5",
"3835","남해군","2011. 4/4","30.7","15.2","15.5","2.3","9.8","18.5",
"3835","남해군","2012. 1/4","30.2","15.4","14.9","2.3","9.2","18.8",
"3835","남해군","2012. 2/4","30.1","15.5","14.7","2.3","9.2","18.7",
"3835","남해군","2012. 3/4","30.5","15.9","14.6","2.1","9.7","18.7",
"3835","남해군","2012. 4/4","29.1","15.2","13.9","2.3","8.9","17.9",
"3836","하동군","2010. 4/4","30","16.4","13.6","2.9","10.8","16.2",
"3836","하동군","2011. 1/4","30.4","16.4","14","2.1","11.5","16.8",
"3836","하동군","2011. 2/4","31.1","16.7","14.4","2.5","11","17.6",
"3836","하동군","2011. 3/4","31.9","16.6","15.2","2.7","11.4","17.8",
"3836","하동군","2011. 4/4","31.4","17.1","14.2","2.4","11.6","17.4",
"3836","하동군","2012. 1/4","32.2","17.1","15.1","2.5","12.6","17.1",
"3836","하동군","2012. 2/4","31.4","16.8","14.5","2.3","11.8","17.3",
"3836","하동군","2012. 3/4","32.2","17.1","15.1","2.4","11.8","18",
"3836","하동군","2012. 4/4","29.1","15.7","13.5","2.1","11.2","15.8",
"3837","산청군","2010. 4/4","22.8","12.6","10.2","1.5","8.7","12.7",
"3837","산청군","2011. 1/4","23.7","13","10.7","1.4","8.7","13.6",
"3837","산청군","2011. 2/4","24","12.7","11.3","1","9.1","13.9",
"3837","산청군","2011. 3/4","23.7","12.7","11","1","8.4","14.3",
"3837","산청군","2011. 4/4","23.7","13.1","10.6","1.1","9","13.7",
"3837","산청군","2012. 1/4","22.1","11.9","10.2","1.5","7.2","13.4",
"3837","산청군","2012. 2/4","21.9","11.1","10.8","1.3","7.2","13.4",
"3837","산청군","2012. 3/4","22.4","11.7","10.7","1.4","7.2","13.8",
"3837","산청군","2012. 4/4","22","11.9","10.2","1.7","7.3","13.1",
"3838","함양군","2010. 4/4","22.2","12.1","10.1","1.5","8.1","12.6",
"3838","함양군","2011. 1/4","23.3","12.8","10.5","1.4","7.8","14.1",
"3838","함양군","2011. 2/4","23.4","12.2","11.2","1.4","7.5","14.5",
"3838","함양군","2011. 3/4","23.4","12.5","10.9","1.7","7.4","14.3",
"3838","함양군","2011. 4/4","22.3","12.2","10.1","1.4","7.6","13.3",
"3838","함양군","2012. 1/4","24.2","13","11.2","1.8","8.6","13.8",
"3838","함양군","2012. 2/4","24.1","12.9","11.3","1.7","8.2","14.2",
"3838","함양군","2012. 3/4","24.5","13.1","11.4","1.6","8.6","14.3",
"3838","함양군","2012. 4/4","23.6","12.4","11.2","1.8","8.1","13.7",
"3839","거창군","2010. 4/4","30.6","17.2","13.4","2.7","12.1","15.9",
"3839","거창군","2011. 1/4","32.2","17.8","14.4","2.7","12.9","16.6",
"3839","거창군","2011. 2/4","34.3","18.3","16.1","3.1","12.4","18.9",
"3839","거창군","2011. 3/4","35.2","18.8","16.4","3.3","12.8","19.1",
"3839","거창군","2011. 4/4","32.3","18.1","14.2","3.4","12","16.9",
"3839","거창군","2012. 1/4","30.6","16.9","13.7","2.5","12.1","16",
"3839","거창군","2012. 2/4","33","17.3","15.7","2.6","12.4","18",
"3839","거창군","2012. 3/4","33.1","17.4","15.7","2.6","12.2","18.3",
"3839","거창군","2012. 4/4","30.4","16.6","13.7","2.3","11.8","16.3",
"3840","합천군","2010. 4/4","26.9","14.8","12.1","2","8.6","16.4",
"3840","합천군","2011. 1/4","27.3","14.8","12.5","1.9","8.9","16.5",
"3840","합천군","2011. 2/4","29.4","16.1","13.3","2.2","9.4","17.8",
"3840","합천군","2011. 3/4","28.3","15.3","13","2.1","8.7","17.5",
"3840","합천군","2011. 4/4","27.3","15.4","11.9","1.8","8.7","16.8",
"3840","합천군","2012. 1/4","28","15.3","12.7","1.9","9.7","16.5",
"3840","합천군","2012. 2/4","30.6","16.2","14.4","2.5","9.9","18.3",
"3840","합천군","2012. 3/4","30","16.2","13.8","2","9.8","18.3",
"3840","합천군","2012. 4/4","29","16.3","12.7","2","9.7","17.4",
"3901","제주시","2010. 4/4","204.7","111.8","92.9","28.1","106.3","70.3",
"3901","제주시","2011. 1/4","202.7","111.5","91.2","27","106.6","69.1",
"3901","제주시","2011. 2/4","206.9","112.9","94","27.3","107.9","71.6",
"3901","제주시","2011. 3/4","207.1","112.3","94.9","28","107.4","71.8",
"3901","제주시","2011. 4/4","215.9","116.3","99.6","30.2","111.5","74.2",
"3901","제주시","2012. 1/4","206.4","112","94.4","28.7","107.6","70.1",
"3901","제주시","2012. 2/4","211.2","116.4","94.8","29.6","107.8","73.8",
"3901","제주시","2012. 3/4","214","117.6","96.5","31.5","107.8","74.7",
"3901","제주시","2012. 4/4","217.3","117.2","100.1","31.4","109","76.9",
"3902","서귀포시","2010. 4/4","88.9","48.3","40.6","9","41.3","38.6",
"3902","서귀포시","2011. 1/4","83.1","46.4","36.7","9.2","38.5","35.4",
"3902","서귀포시","2011. 2/4","84.1","46.5","37.6","8.2","39.1","36.8",
"3902","서귀포시","2011. 3/4","84.4","47.2","37.2","9.4","38.5","36.6",
"3902","서귀포시","2011. 4/4","89","47.5","41.5","9.9","39.8","39.4",
"3902","서귀포시","2012. 1/4","89.3","50.5","38.8","10.2","39.9","39.2",
"3902","서귀포시","2012. 2/4","89.3","48.4","40.8","10.4","40.5","38.4",
"3902","서귀포시","2012. 3/4","89.7","48.5","41.2","10.1","40.3","39.3",
"3902","서귀포시","2012. 4/4","95.2","50.5","44.7","11","41.2","43",
